,telegram_id,telegram_username,first_name,wallet_address,input_wallet
0,7402431247,bjbjbjbjbjbjbjbbjbjbjbjbjbjbj,Demon,UQBsxWWiqvkCdTqvikCh45ad7WcdlkgIyGFnwZMyATkJn7xH,UQBsxWWiqvkCdTqvikCh45ad7WcdlkgIyGFnwZMyATkJn7xH
1,1661594311,Dagiman006,H,UQBsxWWiqvkCdTqvikCh45ad7WcdlkgIyGFnwZMyATkJn7xH,UQBsxWWiqvkCdTqvikCh45ad7WcdlkgIyGFnwZMyATkJn7xH
2,5134968493,Dagtro,Dag,UQBsxWWiqvkCdTqvikCh45ad7WcdlkgIyGFnwZMyATkJn7xH,UQBsxWWiqvkCdTqvikCh45ad7WcdlkgIyGFnwZMyATkJn7xH
3,7220468641,Joel123adem,Joel,UQBsxWWiqvkCdTqvikCh45ad7WcdlkgIyGFnwZMyATkJn7xH,UQBsxWWiqvkCdTqvikCh45ad7WcdlkgIyGFnwZMyATkJn7xH
4,7328658373,TaisiaRon,Taisia Ron 🦆,UQChAC7qyUUElTSMrv3GB4mqHQBYQcusDqoIT4h03xz1to93,UQChAC7qyUUElTSMrv3GB4mqHQBYQcusDqoIT4h03xz1to93
5,6312275778,,Foster Ayers,UQBOFGwgGhdB21nfpI1DWEfYvTExVDgC4tur52slLJTyguEF,UQBOFGwgGhdB21nfpI1DWEfYvTExVDgC4tur52slLJTyguEF
6,6556294378,Zah_143U,Zahra Al hath,UQBOFGwgGhdB21nfpI1DWEfYvTExVDgC4tur52slLJTyguEF,UQBOFGwgGhdB21nfpI1DWEfYvTExVDgC4tur52slLJTyguEF
7,7886533512,Supreme_Spell,Supreme_Leader | (Never DM/PM first),UQBOFGwgGhdB21nfpI1DWEfYvTExVDgC4tur52slLJTyguEF,UQBOFGwgGhdB21nfpI1DWEfYvTExVDgC4tur52slLJTyguEF
8,6258050841,Jackson_matu,Jackson mat,UQBOFGwgGhdB21nfpI1DWEfYvTExVDgC4tur52slLJTyguEF,UQBOFGwgGhdB21nfpI1DWEfYvTExVDgC4tur52slLJTyguEF
9,6700346862,GojoOnly3rd,Gojo,UQBOFGwgGhdB21nfpI1DWEfYvTExVDgC4tur52slLJTyguEF,UQBOFGwgGhdB21nfpI1DWEfYvTExVDgC4tur52slLJTyguEF
10,6312275778,,Foster Ayers,UQBOFGwgGhdB21nfpI1DWEfYvTExVDgC4tur52slLJTyguEF,UQBOFGwgGhdB21nfpI1DWEfYvTExVDgC4tur52slLJTyguEF
11,6556294378,Zah_143U,Zahra Al hath,UQBOFGwgGhdB21nfpI1DWEfYvTExVDgC4tur52slLJTyguEF,UQBOFGwgGhdB21nfpI1DWEfYvTExVDgC4tur52slLJTyguEF
12,7886533512,Supreme_Spell,Supreme_Leader | (Never DM/PM first),UQBOFGwgGhdB21nfpI1DWEfYvTExVDgC4tur52slLJTyguEF,UQBOFGwgGhdB21nfpI1DWEfYvTExVDgC4tur52slLJTyguEF
13,6258050841,Jackson_matu,Jackson mat,UQBOFGwgGhdB21nfpI1DWEfYvTExVDgC4tur52slLJTyguEF,UQBOFGwgGhdB21nfpI1DWEfYvTExVDgC4tur52slLJTyguEF
14,6700346862,GojoOnly3rd,Gojo,UQBOFGwgGhdB21nfpI1DWEfYvTExVDgC4tur52slLJTyguEF,UQBOFGwgGhdB21nfpI1DWEfYvTExVDgC4tur52slLJTyguEF
15,7402431247,bjbjbjbjbjbjbjbbjbjbjbjbjbjbj,Demon,UQBsxWWiqvkCdTqvikCh45ad7WcdlkgIyGFnwZMyATkJn7xH,UQBsxWWiqvkCdTqvikCh45ad7WcdlkgIyGFnwZMyATkJn7xH
16,1661594311,Dagiman006,H,UQBsxWWiqvkCdTqvikCh45ad7WcdlkgIyGFnwZMyATkJn7xH,UQBsxWWiqvkCdTqvikCh45ad7WcdlkgIyGFnwZMyATkJn7xH
17,5134968493,Dagtro,Dag,UQBsxWWiqvkCdTqvikCh45ad7WcdlkgIyGFnwZMyATkJn7xH,UQBsxWWiqvkCdTqvikCh45ad7WcdlkgIyGFnwZMyATkJn7xH
18,7220468641,Joel123adem,Joel,UQBsxWWiqvkCdTqvikCh45ad7WcdlkgIyGFnwZMyATkJn7xH,UQBsxWWiqvkCdTqvikCh45ad7WcdlkgIyGFnwZMyATkJn7xH
19,7402431247,bjbjbjbjbjbjbjbbjbjbjbjbjbjbj,Demon,UQBsxWWiqvkCdTqvikCh45ad7WcdlkgIyGFnwZMyATkJn7xH,UQBsxWWiqvkCdTqvikCh45ad7WcdlkgIyGFnwZMyATkJn7xH
20,1661594311,Dagiman006,H,UQBsxWWiqvkCdTqvikCh45ad7WcdlkgIyGFnwZMyATkJn7xH,UQBsxWWiqvkCdTqvikCh45ad7WcdlkgIyGFnwZMyATkJn7xH
21,5134968493,Dagtro,Dag,UQBsxWWiqvkCdTqvikCh45ad7WcdlkgIyGFnwZMyATkJn7xH,UQBsxWWiqvkCdTqvikCh45ad7WcdlkgIyGFnwZMyATkJn7xH
22,7220468641,Joel123adem,Joel,UQBsxWWiqvkCdTqvikCh45ad7WcdlkgIyGFnwZMyATkJn7xH,UQBsxWWiqvkCdTqvikCh45ad7WcdlkgIyGFnwZMyATkJn7xH
23,6958302455,life_of_esu,𝓶𝔂,UQA0Txw1zE1r05Axzu0Enc3xXpJDYk1ke32QR8SO6UBHqSR-,UQA0Txw1zE1r05Axzu0Enc3xXpJDYk1ke32QR8SO6UBHqSR
24,8008029149,mike_mykeyy123,Eskador,UQA0Txw1zE1r05Axzu0Enc3xXpJDYk1ke32QR8SO6UBHqSR-,UQA0Txw1zE1r05Axzu0Enc3xXpJDYk1ke32QR8SO6UBHqSR
25,7278707019,Fliposhub,Phlipos2024,UQA0Txw1zE1r05Axzu0Enc3xXpJDYk1ke32QR8SO6UBHqSR-,UQA0Txw1zE1r05Axzu0Enc3xXpJDYk1ke32QR8SO6UBHqSR
26,1152435788,Kidus630,Fisho,UQA0Txw1zE1r05Axzu0Enc3xXpJDYk1ke32QR8SO6UBHqSR-,UQA0Txw1zE1r05Axzu0Enc3xXpJDYk1ke32QR8SO6UBHqSR
27,7706339743,Esu1357,𝖑𝖎𝖋𝖊 𝖔𝖋 𝖊𝖘𝖚@,UQA0Txw1zE1r05Axzu0Enc3xXpJDYk1ke32QR8SO6UBHqSR-,UQA0Txw1zE1r05Axzu0Enc3xXpJDYk1ke32QR8SO6UBHqSR
28,5775981294,SENBUNSACKURA,¥0π@!|£•[~]@il3®™,UQA0Txw1zE1r05Axzu0Enc3xXpJDYk1ke32QR8SO6UBHqSR-,UQA0Txw1zE1r05Axzu0Enc3xXpJDYk1ke32QR8SO6UBHqSR
29,6724464868,Vegita2727,Kogaki,UQA0Txw1zE1r05Axzu0Enc3xXpJDYk1ke32QR8SO6UBHqSR-,UQA0Txw1zE1r05Axzu0Enc3xXpJDYk1ke32QR8SO6UBHqSR
30,6693600364,Afriki1235,pp Kua2,UQA0Txw1zE1r05Axzu0Enc3xXpJDYk1ke32QR8SO6UBHqSR-,UQA0Txw1zE1r05Axzu0Enc3xXpJDYk1ke32QR8SO6UBHqSR
31,7506804103,Blunas2345,Profile Info,UQA0Txw1zE1r05Axzu0Enc3xXpJDYk1ke32QR8SO6UBHqSR-,UQA0Txw1zE1r05Axzu0Enc3xXpJDYk1ke32QR8SO6UBHqSR
32,7119980501,Fliohub,Flipos1,UQA0Txw1zE1r05Axzu0Enc3xXpJDYk1ke32QR8SO6UBHqSR-,UQA0Txw1zE1r05Axzu0Enc3xXpJDYk1ke32QR8SO6UBHqSR
33,6182920827,Joort21,Jon,UQA0Txw1zE1r05Axzu0Enc3xXpJDYk1ke32QR8SO6UBHqSR-,UQA0Txw1zE1r05Axzu0Enc3xXpJDYk1ke32QR8SO6UBHqSR
34,7516683635,mike_mykeyyyyy,Micky,UQA0Txw1zE1r05Axzu0Enc3xXpJDYk1ke32QR8SO6UBHqSR-,UQA0Txw1zE1r05Axzu0Enc3xXpJDYk1ke32QR8SO6UBHqSR
35,8089396472,star_lightt123,Star,UQA0Txw1zE1r05Axzu0Enc3xXpJDYk1ke32QR8SO6UBHqSR-,UQA0Txw1zE1r05Axzu0Enc3xXpJDYk1ke32QR8SO6UBHqSR
36,6212935792,WHOCARESt117,💡💡,UQA0Txw1zE1r05Axzu0Enc3xXpJDYk1ke32QR8SO6UBHqSR-,UQA0Txw1zE1r05Axzu0Enc3xXpJDYk1ke32QR8SO6UBHqSR
37,7538056425,Blublack234,Flipos 24,UQA0Txw1zE1r05Axzu0Enc3xXpJDYk1ke32QR8SO6UBHqSR-,UQA0Txw1zE1r05Axzu0Enc3xXpJDYk1ke32QR8SO6UBHqSR
38,682865973,Zootopia3117,✝️ ꌗ ꓄ ꍏ ꋪ ꋪ ♊️🏀,UQA0Txw1zE1r05Axzu0Enc3xXpJDYk1ke32QR8SO6UBHqSR-,UQA0Txw1zE1r05Axzu0Enc3xXpJDYk1ke32QR8SO6UBHqSR
39,7525999398,Fliohubs,Musuala,UQA0Txw1zE1r05Axzu0Enc3xXpJDYk1ke32QR8SO6UBHqSR-,UQA0Txw1zE1r05Axzu0Enc3xXpJDYk1ke32QR8SO6UBHqSR
40,7385835630,acukaa129,Odi,UQA0Txw1zE1r05Axzu0Enc3xXpJDYk1ke32QR8SO6UBHqSR-,UQA0Txw1zE1r05Axzu0Enc3xXpJDYk1ke32QR8SO6UBHqSR
41,8192427517,akame_ga_kill12,Hi,UQA0Txw1zE1r05Axzu0Enc3xXpJDYk1ke32QR8SO6UBHqSR-,UQA0Txw1zE1r05Axzu0Enc3xXpJDYk1ke32QR8SO6UBHqSR
42,1781124369,Natnan117,✞𝙽𝙰𝚃𝙽𝙰𝙽✞🖤,UQA0Txw1zE1r05Axzu0Enc3xXpJDYk1ke32QR8SO6UBHqSR-,UQA0Txw1zE1r05Axzu0Enc3xXpJDYk1ke32QR8SO6UBHqSR
43,8003894281,mike_mykey12345,Gojo,UQA0Txw1zE1r05Axzu0Enc3xXpJDYk1ke32QR8SO6UBHqSR-,UQA0Txw1zE1r05Axzu0Enc3xXpJDYk1ke32QR8SO6UBHqSR
44,7975820845,mike_mykey12,Agape,UQA0Txw1zE1r05Axzu0Enc3xXpJDYk1ke32QR8SO6UBHqSR-,UQA0Txw1zE1r05Axzu0Enc3xXpJDYk1ke32QR8SO6UBHqSR
45,7211340043,mike_mykey123,Kendric,UQA0Txw1zE1r05Axzu0Enc3xXpJDYk1ke32QR8SO6UBHqSR-,UQA0Txw1zE1r05Axzu0Enc3xXpJDYk1ke32QR8SO6UBHqSR
46,7137181508,mike_mykeyyyyyy,Micky,UQA0Txw1zE1r05Axzu0Enc3xXpJDYk1ke32QR8SO6UBHqSR-,UQA0Txw1zE1r05Axzu0Enc3xXpJDYk1ke32QR8SO6UBHqSR
47,7768952478,mike_mykey1234,Drake,UQA0Txw1zE1r05Axzu0Enc3xXpJDYk1ke32QR8SO6UBHqSR-,UQA0Txw1zE1r05Axzu0Enc3xXpJDYk1ke32QR8SO6UBHqSR
48,7857770471,mike_mykeyyy,Book,UQA0Txw1zE1r05Axzu0Enc3xXpJDYk1ke32QR8SO6UBHqSR-,UQA0Txw1zE1r05Axzu0Enc3xXpJDYk1ke32QR8SO6UBHqSR
49,5496923835,mike_mykeyy,🌚🌝,UQA0Txw1zE1r05Axzu0Enc3xXpJDYk1ke32QR8SO6UBHqSR-,UQA0Txw1zE1r05Axzu0Enc3xXpJDYk1ke32QR8SO6UBHqSR
50,7281645853,mike_mykeyyyy,🍀,UQA0Txw1zE1r05Axzu0Enc3xXpJDYk1ke32QR8SO6UBHqSR-,UQA0Txw1zE1r05Axzu0Enc3xXpJDYk1ke32QR8SO6UBHqSR
51,7139180690,Fisherman360,👻👻,UQA0Txw1zE1r05Axzu0Enc3xXpJDYk1ke32QR8SO6UBHqSR-,UQA0Txw1zE1r05Axzu0Enc3xXpJDYk1ke32QR8SO6UBHqSR
52,7340092072,philpos_123,Philpos 2026,UQA0Txw1zE1r05Axzu0Enc3xXpJDYk1ke32QR8SO6UBHqSR-,UQA0Txw1zE1r05Axzu0Enc3xXpJDYk1ke32QR8SO6UBHqSR
53,7906680507,miles_miles123,Miles,UQA0Txw1zE1r05Axzu0Enc3xXpJDYk1ke32QR8SO6UBHqSR-,UQA0Txw1zE1r05Axzu0Enc3xXpJDYk1ke32QR8SO6UBHqSR
54,7525200025,Bekikaka123,Bki,UQA0Txw1zE1r05Axzu0Enc3xXpJDYk1ke32QR8SO6UBHqSR-,UQA0Txw1zE1r05Axzu0Enc3xXpJDYk1ke32QR8SO6UBHqSR
55,7056578899,Life120090,afrikiwa,UQA0Txw1zE1r05Axzu0Enc3xXpJDYk1ke32QR8SO6UBHqSR-,UQA0Txw1zE1r05Axzu0Enc3xXpJDYk1ke32QR8SO6UBHqSR
56,5806257349,Etsub117,Etsub,UQA0Txw1zE1r05Axzu0Enc3xXpJDYk1ke32QR8SO6UBHqSR-,UQA0Txw1zE1r05Axzu0Enc3xXpJDYk1ke32QR8SO6UBHqSR
57,7079394285,mike_mykeyyyyyyyyy,The,UQA0Txw1zE1r05Axzu0Enc3xXpJDYk1ke32QR8SO6UBHqSR-,UQA0Txw1zE1r05Axzu0Enc3xXpJDYk1ke32QR8SO6UBHqSR
58,7510576909,mike_mykeyyyyyyy,Some,UQA0Txw1zE1r05Axzu0Enc3xXpJDYk1ke32QR8SO6UBHqSR-,UQA0Txw1zE1r05Axzu0Enc3xXpJDYk1ke32QR8SO6UBHqSR
59,7407065177,abc_abcd1234,Âsîlæ,UQA0Txw1zE1r05Axzu0Enc3xXpJDYk1ke32QR8SO6UBHqSR-,UQA0Txw1zE1r05Axzu0Enc3xXpJDYk1ke32QR8SO6UBHqSR
60,6958302455,life_of_esu,𝓶𝔂,UQA0Txw1zE1r05Axzu0Enc3xXpJDYk1ke32QR8SO6UBHqSR-,UQA0Txw1zE1r05Axzu0Enc3xXpJDYk1ke32QR8SO6UBHqSR
61,8008029149,mike_mykeyy123,Eskador,UQA0Txw1zE1r05Axzu0Enc3xXpJDYk1ke32QR8SO6UBHqSR-,UQA0Txw1zE1r05Axzu0Enc3xXpJDYk1ke32QR8SO6UBHqSR
62,7278707019,Fliposhub,Phlipos2024,UQA0Txw1zE1r05Axzu0Enc3xXpJDYk1ke32QR8SO6UBHqSR-,UQA0Txw1zE1r05Axzu0Enc3xXpJDYk1ke32QR8SO6UBHqSR
63,1152435788,Kidus630,Fisho,UQA0Txw1zE1r05Axzu0Enc3xXpJDYk1ke32QR8SO6UBHqSR-,UQA0Txw1zE1r05Axzu0Enc3xXpJDYk1ke32QR8SO6UBHqSR
64,7706339743,Esu1357,𝖑𝖎𝖋𝖊 𝖔𝖋 𝖊𝖘𝖚@,UQA0Txw1zE1r05Axzu0Enc3xXpJDYk1ke32QR8SO6UBHqSR-,UQA0Txw1zE1r05Axzu0Enc3xXpJDYk1ke32QR8SO6UBHqSR
65,5775981294,SENBUNSACKURA,¥0π@!|£•[~]@il3®™,UQA0Txw1zE1r05Axzu0Enc3xXpJDYk1ke32QR8SO6UBHqSR-,UQA0Txw1zE1r05Axzu0Enc3xXpJDYk1ke32QR8SO6UBHqSR
66,6724464868,Vegita2727,Kogaki,UQA0Txw1zE1r05Axzu0Enc3xXpJDYk1ke32QR8SO6UBHqSR-,UQA0Txw1zE1r05Axzu0Enc3xXpJDYk1ke32QR8SO6UBHqSR
67,6693600364,Afriki1235,pp Kua2,UQA0Txw1zE1r05Axzu0Enc3xXpJDYk1ke32QR8SO6UBHqSR-,UQA0Txw1zE1r05Axzu0Enc3xXpJDYk1ke32QR8SO6UBHqSR
68,7506804103,Blunas2345,Profile Info,UQA0Txw1zE1r05Axzu0Enc3xXpJDYk1ke32QR8SO6UBHqSR-,UQA0Txw1zE1r05Axzu0Enc3xXpJDYk1ke32QR8SO6UBHqSR
69,7119980501,Fliohub,Flipos1,UQA0Txw1zE1r05Axzu0Enc3xXpJDYk1ke32QR8SO6UBHqSR-,UQA0Txw1zE1r05Axzu0Enc3xXpJDYk1ke32QR8SO6UBHqSR
70,6182920827,Joort21,Jon,UQA0Txw1zE1r05Axzu0Enc3xXpJDYk1ke32QR8SO6UBHqSR-,UQA0Txw1zE1r05Axzu0Enc3xXpJDYk1ke32QR8SO6UBHqSR
71,7516683635,mike_mykeyyyyy,Micky,UQA0Txw1zE1r05Axzu0Enc3xXpJDYk1ke32QR8SO6UBHqSR-,UQA0Txw1zE1r05Axzu0Enc3xXpJDYk1ke32QR8SO6UBHqSR
72,8089396472,star_lightt123,Star,UQA0Txw1zE1r05Axzu0Enc3xXpJDYk1ke32QR8SO6UBHqSR-,UQA0Txw1zE1r05Axzu0Enc3xXpJDYk1ke32QR8SO6UBHqSR
73,6212935792,WHOCARESt117,💡💡,UQA0Txw1zE1r05Axzu0Enc3xXpJDYk1ke32QR8SO6UBHqSR-,UQA0Txw1zE1r05Axzu0Enc3xXpJDYk1ke32QR8SO6UBHqSR
74,7538056425,Blublack234,Flipos 24,UQA0Txw1zE1r05Axzu0Enc3xXpJDYk1ke32QR8SO6UBHqSR-,UQA0Txw1zE1r05Axzu0Enc3xXpJDYk1ke32QR8SO6UBHqSR
75,682865973,Zootopia3117,✝️ ꌗ ꓄ ꍏ ꋪ ꋪ ♊️🏀,UQA0Txw1zE1r05Axzu0Enc3xXpJDYk1ke32QR8SO6UBHqSR-,UQA0Txw1zE1r05Axzu0Enc3xXpJDYk1ke32QR8SO6UBHqSR
76,7525999398,Fliohubs,Musuala,UQA0Txw1zE1r05Axzu0Enc3xXpJDYk1ke32QR8SO6UBHqSR-,UQA0Txw1zE1r05Axzu0Enc3xXpJDYk1ke32QR8SO6UBHqSR
77,7385835630,acukaa129,Odi,UQA0Txw1zE1r05Axzu0Enc3xXpJDYk1ke32QR8SO6UBHqSR-,UQA0Txw1zE1r05Axzu0Enc3xXpJDYk1ke32QR8SO6UBHqSR
78,8192427517,akame_ga_kill12,Hi,UQA0Txw1zE1r05Axzu0Enc3xXpJDYk1ke32QR8SO6UBHqSR-,UQA0Txw1zE1r05Axzu0Enc3xXpJDYk1ke32QR8SO6UBHqSR
79,1781124369,Natnan117,✞𝙽𝙰𝚃𝙽𝙰𝙽✞🖤,UQA0Txw1zE1r05Axzu0Enc3xXpJDYk1ke32QR8SO6UBHqSR-,UQA0Txw1zE1r05Axzu0Enc3xXpJDYk1ke32QR8SO6UBHqSR
80,8003894281,mike_mykey12345,Gojo,UQA0Txw1zE1r05Axzu0Enc3xXpJDYk1ke32QR8SO6UBHqSR-,UQA0Txw1zE1r05Axzu0Enc3xXpJDYk1ke32QR8SO6UBHqSR
81,7975820845,mike_mykey12,Agape,UQA0Txw1zE1r05Axzu0Enc3xXpJDYk1ke32QR8SO6UBHqSR-,UQA0Txw1zE1r05Axzu0Enc3xXpJDYk1ke32QR8SO6UBHqSR
82,7211340043,mike_mykey123,Kendric,UQA0Txw1zE1r05Axzu0Enc3xXpJDYk1ke32QR8SO6UBHqSR-,UQA0Txw1zE1r05Axzu0Enc3xXpJDYk1ke32QR8SO6UBHqSR
83,7137181508,mike_mykeyyyyyy,Micky,UQA0Txw1zE1r05Axzu0Enc3xXpJDYk1ke32QR8SO6UBHqSR-,UQA0Txw1zE1r05Axzu0Enc3xXpJDYk1ke32QR8SO6UBHqSR
84,7768952478,mike_mykey1234,Drake,UQA0Txw1zE1r05Axzu0Enc3xXpJDYk1ke32QR8SO6UBHqSR-,UQA0Txw1zE1r05Axzu0Enc3xXpJDYk1ke32QR8SO6UBHqSR
85,7857770471,mike_mykeyyy,Book,UQA0Txw1zE1r05Axzu0Enc3xXpJDYk1ke32QR8SO6UBHqSR-,UQA0Txw1zE1r05Axzu0Enc3xXpJDYk1ke32QR8SO6UBHqSR
86,5496923835,mike_mykeyy,🌚🌝,UQA0Txw1zE1r05Axzu0Enc3xXpJDYk1ke32QR8SO6UBHqSR-,UQA0Txw1zE1r05Axzu0Enc3xXpJDYk1ke32QR8SO6UBHqSR
87,7281645853,mike_mykeyyyy,🍀,UQA0Txw1zE1r05Axzu0Enc3xXpJDYk1ke32QR8SO6UBHqSR-,UQA0Txw1zE1r05Axzu0Enc3xXpJDYk1ke32QR8SO6UBHqSR
88,7139180690,Fisherman360,👻👻,UQA0Txw1zE1r05Axzu0Enc3xXpJDYk1ke32QR8SO6UBHqSR-,UQA0Txw1zE1r05Axzu0Enc3xXpJDYk1ke32QR8SO6UBHqSR
89,7340092072,philpos_123,Philpos 2026,UQA0Txw1zE1r05Axzu0Enc3xXpJDYk1ke32QR8SO6UBHqSR-,UQA0Txw1zE1r05Axzu0Enc3xXpJDYk1ke32QR8SO6UBHqSR
90,7906680507,miles_miles123,Miles,UQA0Txw1zE1r05Axzu0Enc3xXpJDYk1ke32QR8SO6UBHqSR-,UQA0Txw1zE1r05Axzu0Enc3xXpJDYk1ke32QR8SO6UBHqSR
91,7525200025,Bekikaka123,Bki,UQA0Txw1zE1r05Axzu0Enc3xXpJDYk1ke32QR8SO6UBHqSR-,UQA0Txw1zE1r05Axzu0Enc3xXpJDYk1ke32QR8SO6UBHqSR
92,7056578899,Life120090,afrikiwa,UQA0Txw1zE1r05Axzu0Enc3xXpJDYk1ke32QR8SO6UBHqSR-,UQA0Txw1zE1r05Axzu0Enc3xXpJDYk1ke32QR8SO6UBHqSR
93,5806257349,Etsub117,Etsub,UQA0Txw1zE1r05Axzu0Enc3xXpJDYk1ke32QR8SO6UBHqSR-,UQA0Txw1zE1r05Axzu0Enc3xXpJDYk1ke32QR8SO6UBHqSR
94,7079394285,mike_mykeyyyyyyyyy,The,UQA0Txw1zE1r05Axzu0Enc3xXpJDYk1ke32QR8SO6UBHqSR-,UQA0Txw1zE1r05Axzu0Enc3xXpJDYk1ke32QR8SO6UBHqSR
95,7510576909,mike_mykeyyyyyyy,Some,UQA0Txw1zE1r05Axzu0Enc3xXpJDYk1ke32QR8SO6UBHqSR-,UQA0Txw1zE1r05Axzu0Enc3xXpJDYk1ke32QR8SO6UBHqSR
96,7407065177,abc_abcd1234,Âsîlæ,UQA0Txw1zE1r05Axzu0Enc3xXpJDYk1ke32QR8SO6UBHqSR-,UQA0Txw1zE1r05Axzu0Enc3xXpJDYk1ke32QR8SO6UBHqSR
97,6958302455,life_of_esu,𝓶𝔂,UQA0Txw1zE1r05Axzu0Enc3xXpJDYk1ke32QR8SO6UBHqSR-,UQA0Txw1zE1r05Axzu0Enc3xXpJDYk1ke32QR8SO6UBHqSR
98,8008029149,mike_mykeyy123,Eskador,UQA0Txw1zE1r05Axzu0Enc3xXpJDYk1ke32QR8SO6UBHqSR-,UQA0Txw1zE1r05Axzu0Enc3xXpJDYk1ke32QR8SO6UBHqSR
99,7278707019,Fliposhub,Phlipos2024,UQA0Txw1zE1r05Axzu0Enc3xXpJDYk1ke32QR8SO6UBHqSR-,UQA0Txw1zE1r05Axzu0Enc3xXpJDYk1ke32QR8SO6UBHqSR
100,1152435788,Kidus630,Fisho,UQA0Txw1zE1r05Axzu0Enc3xXpJDYk1ke32QR8SO6UBHqSR-,UQA0Txw1zE1r05Axzu0Enc3xXpJDYk1ke32QR8SO6UBHqSR
101,7706339743,Esu1357,𝖑𝖎𝖋𝖊 𝖔𝖋 𝖊𝖘𝖚@,UQA0Txw1zE1r05Axzu0Enc3xXpJDYk1ke32QR8SO6UBHqSR-,UQA0Txw1zE1r05Axzu0Enc3xXpJDYk1ke32QR8SO6UBHqSR
102,5775981294,SENBUNSACKURA,¥0π@!|£•[~]@il3®™,UQA0Txw1zE1r05Axzu0Enc3xXpJDYk1ke32QR8SO6UBHqSR-,UQA0Txw1zE1r05Axzu0Enc3xXpJDYk1ke32QR8SO6UBHqSR
103,6724464868,Vegita2727,Kogaki,UQA0Txw1zE1r05Axzu0Enc3xXpJDYk1ke32QR8SO6UBHqSR-,UQA0Txw1zE1r05Axzu0Enc3xXpJDYk1ke32QR8SO6UBHqSR
104,6693600364,Afriki1235,pp Kua2,UQA0Txw1zE1r05Axzu0Enc3xXpJDYk1ke32QR8SO6UBHqSR-,UQA0Txw1zE1r05Axzu0Enc3xXpJDYk1ke32QR8SO6UBHqSR
105,7506804103,Blunas2345,Profile Info,UQA0Txw1zE1r05Axzu0Enc3xXpJDYk1ke32QR8SO6UBHqSR-,UQA0Txw1zE1r05Axzu0Enc3xXpJDYk1ke32QR8SO6UBHqSR
106,7119980501,Fliohub,Flipos1,UQA0Txw1zE1r05Axzu0Enc3xXpJDYk1ke32QR8SO6UBHqSR-,UQA0Txw1zE1r05Axzu0Enc3xXpJDYk1ke32QR8SO6UBHqSR
107,6182920827,Joort21,Jon,UQA0Txw1zE1r05Axzu0Enc3xXpJDYk1ke32QR8SO6UBHqSR-,UQA0Txw1zE1r05Axzu0Enc3xXpJDYk1ke32QR8SO6UBHqSR
108,7516683635,mike_mykeyyyyy,Micky,UQA0Txw1zE1r05Axzu0Enc3xXpJDYk1ke32QR8SO6UBHqSR-,UQA0Txw1zE1r05Axzu0Enc3xXpJDYk1ke32QR8SO6UBHqSR
109,8089396472,star_lightt123,Star,UQA0Txw1zE1r05Axzu0Enc3xXpJDYk1ke32QR8SO6UBHqSR-,UQA0Txw1zE1r05Axzu0Enc3xXpJDYk1ke32QR8SO6UBHqSR
110,6212935792,WHOCARESt117,💡💡,UQA0Txw1zE1r05Axzu0Enc3xXpJDYk1ke32QR8SO6UBHqSR-,UQA0Txw1zE1r05Axzu0Enc3xXpJDYk1ke32QR8SO6UBHqSR
111,7538056425,Blublack234,Flipos 24,UQA0Txw1zE1r05Axzu0Enc3xXpJDYk1ke32QR8SO6UBHqSR-,UQA0Txw1zE1r05Axzu0Enc3xXpJDYk1ke32QR8SO6UBHqSR
112,682865973,Zootopia3117,✝️ ꌗ ꓄ ꍏ ꋪ ꋪ ♊️🏀,UQA0Txw1zE1r05Axzu0Enc3xXpJDYk1ke32QR8SO6UBHqSR-,UQA0Txw1zE1r05Axzu0Enc3xXpJDYk1ke32QR8SO6UBHqSR
113,7525999398,Fliohubs,Musuala,UQA0Txw1zE1r05Axzu0Enc3xXpJDYk1ke32QR8SO6UBHqSR-,UQA0Txw1zE1r05Axzu0Enc3xXpJDYk1ke32QR8SO6UBHqSR
114,7385835630,acukaa129,Odi,UQA0Txw1zE1r05Axzu0Enc3xXpJDYk1ke32QR8SO6UBHqSR-,UQA0Txw1zE1r05Axzu0Enc3xXpJDYk1ke32QR8SO6UBHqSR
115,8192427517,akame_ga_kill12,Hi,UQA0Txw1zE1r05Axzu0Enc3xXpJDYk1ke32QR8SO6UBHqSR-,UQA0Txw1zE1r05Axzu0Enc3xXpJDYk1ke32QR8SO6UBHqSR
116,1781124369,Natnan117,✞𝙽𝙰𝚃𝙽𝙰𝙽✞🖤,UQA0Txw1zE1r05Axzu0Enc3xXpJDYk1ke32QR8SO6UBHqSR-,UQA0Txw1zE1r05Axzu0Enc3xXpJDYk1ke32QR8SO6UBHqSR
117,8003894281,mike_mykey12345,Gojo,UQA0Txw1zE1r05Axzu0Enc3xXpJDYk1ke32QR8SO6UBHqSR-,UQA0Txw1zE1r05Axzu0Enc3xXpJDYk1ke32QR8SO6UBHqSR
118,7975820845,mike_mykey12,Agape,UQA0Txw1zE1r05Axzu0Enc3xXpJDYk1ke32QR8SO6UBHqSR-,UQA0Txw1zE1r05Axzu0Enc3xXpJDYk1ke32QR8SO6UBHqSR
119,7211340043,mike_mykey123,Kendric,UQA0Txw1zE1r05Axzu0Enc3xXpJDYk1ke32QR8SO6UBHqSR-,UQA0Txw1zE1r05Axzu0Enc3xXpJDYk1ke32QR8SO6UBHqSR
120,7137181508,mike_mykeyyyyyy,Micky,UQA0Txw1zE1r05Axzu0Enc3xXpJDYk1ke32QR8SO6UBHqSR-,UQA0Txw1zE1r05Axzu0Enc3xXpJDYk1ke32QR8SO6UBHqSR
121,7768952478,mike_mykey1234,Drake,UQA0Txw1zE1r05Axzu0Enc3xXpJDYk1ke32QR8SO6UBHqSR-,UQA0Txw1zE1r05Axzu0Enc3xXpJDYk1ke32QR8SO6UBHqSR
122,7857770471,mike_mykeyyy,Book,UQA0Txw1zE1r05Axzu0Enc3xXpJDYk1ke32QR8SO6UBHqSR-,UQA0Txw1zE1r05Axzu0Enc3xXpJDYk1ke32QR8SO6UBHqSR
123,5496923835,mike_mykeyy,🌚🌝,UQA0Txw1zE1r05Axzu0Enc3xXpJDYk1ke32QR8SO6UBHqSR-,UQA0Txw1zE1r05Axzu0Enc3xXpJDYk1ke32QR8SO6UBHqSR
124,7281645853,mike_mykeyyyy,🍀,UQA0Txw1zE1r05Axzu0Enc3xXpJDYk1ke32QR8SO6UBHqSR-,UQA0Txw1zE1r05Axzu0Enc3xXpJDYk1ke32QR8SO6UBHqSR
125,7139180690,Fisherman360,👻👻,UQA0Txw1zE1r05Axzu0Enc3xXpJDYk1ke32QR8SO6UBHqSR-,UQA0Txw1zE1r05Axzu0Enc3xXpJDYk1ke32QR8SO6UBHqSR
126,7340092072,philpos_123,Philpos 2026,UQA0Txw1zE1r05Axzu0Enc3xXpJDYk1ke32QR8SO6UBHqSR-,UQA0Txw1zE1r05Axzu0Enc3xXpJDYk1ke32QR8SO6UBHqSR
127,7906680507,miles_miles123,Miles,UQA0Txw1zE1r05Axzu0Enc3xXpJDYk1ke32QR8SO6UBHqSR-,UQA0Txw1zE1r05Axzu0Enc3xXpJDYk1ke32QR8SO6UBHqSR
128,7525200025,Bekikaka123,Bki,UQA0Txw1zE1r05Axzu0Enc3xXpJDYk1ke32QR8SO6UBHqSR-,UQA0Txw1zE1r05Axzu0Enc3xXpJDYk1ke32QR8SO6UBHqSR
129,7056578899,Life120090,afrikiwa,UQA0Txw1zE1r05Axzu0Enc3xXpJDYk1ke32QR8SO6UBHqSR-,UQA0Txw1zE1r05Axzu0Enc3xXpJDYk1ke32QR8SO6UBHqSR
130,5806257349,Etsub117,Etsub,UQA0Txw1zE1r05Axzu0Enc3xXpJDYk1ke32QR8SO6UBHqSR-,UQA0Txw1zE1r05Axzu0Enc3xXpJDYk1ke32QR8SO6UBHqSR
131,7079394285,mike_mykeyyyyyyyyy,The,UQA0Txw1zE1r05Axzu0Enc3xXpJDYk1ke32QR8SO6UBHqSR-,UQA0Txw1zE1r05Axzu0Enc3xXpJDYk1ke32QR8SO6UBHqSR
132,7510576909,mike_mykeyyyyyyy,Some,UQA0Txw1zE1r05Axzu0Enc3xXpJDYk1ke32QR8SO6UBHqSR-,UQA0Txw1zE1r05Axzu0Enc3xXpJDYk1ke32QR8SO6UBHqSR
133,7407065177,abc_abcd1234,Âsîlæ,UQA0Txw1zE1r05Axzu0Enc3xXpJDYk1ke32QR8SO6UBHqSR-,UQA0Txw1zE1r05Axzu0Enc3xXpJDYk1ke32QR8SO6UBHqSR
134,6958302455,life_of_esu,𝓶𝔂,UQA0Txw1zE1r05Axzu0Enc3xXpJDYk1ke32QR8SO6UBHqSR-,UQA0Txw1zE1r05Axzu0Enc3xXpJDYk1ke32QR8SO6UBHqSR
135,8008029149,mike_mykeyy123,Eskador,UQA0Txw1zE1r05Axzu0Enc3xXpJDYk1ke32QR8SO6UBHqSR-,UQA0Txw1zE1r05Axzu0Enc3xXpJDYk1ke32QR8SO6UBHqSR
136,7278707019,Fliposhub,Phlipos2024,UQA0Txw1zE1r05Axzu0Enc3xXpJDYk1ke32QR8SO6UBHqSR-,UQA0Txw1zE1r05Axzu0Enc3xXpJDYk1ke32QR8SO6UBHqSR
137,1152435788,Kidus630,Fisho,UQA0Txw1zE1r05Axzu0Enc3xXpJDYk1ke32QR8SO6UBHqSR-,UQA0Txw1zE1r05Axzu0Enc3xXpJDYk1ke32QR8SO6UBHqSR
138,7706339743,Esu1357,𝖑𝖎𝖋𝖊 𝖔𝖋 𝖊𝖘𝖚@,UQA0Txw1zE1r05Axzu0Enc3xXpJDYk1ke32QR8SO6UBHqSR-,UQA0Txw1zE1r05Axzu0Enc3xXpJDYk1ke32QR8SO6UBHqSR
139,5775981294,SENBUNSACKURA,¥0π@!|£•[~]@il3®™,UQA0Txw1zE1r05Axzu0Enc3xXpJDYk1ke32QR8SO6UBHqSR-,UQA0Txw1zE1r05Axzu0Enc3xXpJDYk1ke32QR8SO6UBHqSR
140,6724464868,Vegita2727,Kogaki,UQA0Txw1zE1r05Axzu0Enc3xXpJDYk1ke32QR8SO6UBHqSR-,UQA0Txw1zE1r05Axzu0Enc3xXpJDYk1ke32QR8SO6UBHqSR
141,6693600364,Afriki1235,pp Kua2,UQA0Txw1zE1r05Axzu0Enc3xXpJDYk1ke32QR8SO6UBHqSR-,UQA0Txw1zE1r05Axzu0Enc3xXpJDYk1ke32QR8SO6UBHqSR
142,7506804103,Blunas2345,Profile Info,UQA0Txw1zE1r05Axzu0Enc3xXpJDYk1ke32QR8SO6UBHqSR-,UQA0Txw1zE1r05Axzu0Enc3xXpJDYk1ke32QR8SO6UBHqSR
143,7119980501,Fliohub,Flipos1,UQA0Txw1zE1r05Axzu0Enc3xXpJDYk1ke32QR8SO6UBHqSR-,UQA0Txw1zE1r05Axzu0Enc3xXpJDYk1ke32QR8SO6UBHqSR
144,6182920827,Joort21,Jon,UQA0Txw1zE1r05Axzu0Enc3xXpJDYk1ke32QR8SO6UBHqSR-,UQA0Txw1zE1r05Axzu0Enc3xXpJDYk1ke32QR8SO6UBHqSR
145,7516683635,mike_mykeyyyyy,Micky,UQA0Txw1zE1r05Axzu0Enc3xXpJDYk1ke32QR8SO6UBHqSR-,UQA0Txw1zE1r05Axzu0Enc3xXpJDYk1ke32QR8SO6UBHqSR
146,8089396472,star_lightt123,Star,UQA0Txw1zE1r05Axzu0Enc3xXpJDYk1ke32QR8SO6UBHqSR-,UQA0Txw1zE1r05Axzu0Enc3xXpJDYk1ke32QR8SO6UBHqSR
147,6212935792,WHOCARESt117,💡💡,UQA0Txw1zE1r05Axzu0Enc3xXpJDYk1ke32QR8SO6UBHqSR-,UQA0Txw1zE1r05Axzu0Enc3xXpJDYk1ke32QR8SO6UBHqSR
148,7538056425,Blublack234,Flipos 24,UQA0Txw1zE1r05Axzu0Enc3xXpJDYk1ke32QR8SO6UBHqSR-,UQA0Txw1zE1r05Axzu0Enc3xXpJDYk1ke32QR8SO6UBHqSR
149,682865973,Zootopia3117,✝️ ꌗ ꓄ ꍏ ꋪ ꋪ ♊️🏀,UQA0Txw1zE1r05Axzu0Enc3xXpJDYk1ke32QR8SO6UBHqSR-,UQA0Txw1zE1r05Axzu0Enc3xXpJDYk1ke32QR8SO6UBHqSR
150,7525999398,Fliohubs,Musuala,UQA0Txw1zE1r05Axzu0Enc3xXpJDYk1ke32QR8SO6UBHqSR-,UQA0Txw1zE1r05Axzu0Enc3xXpJDYk1ke32QR8SO6UBHqSR
151,7385835630,acukaa129,Odi,UQA0Txw1zE1r05Axzu0Enc3xXpJDYk1ke32QR8SO6UBHqSR-,UQA0Txw1zE1r05Axzu0Enc3xXpJDYk1ke32QR8SO6UBHqSR
152,8192427517,akame_ga_kill12,Hi,UQA0Txw1zE1r05Axzu0Enc3xXpJDYk1ke32QR8SO6UBHqSR-,UQA0Txw1zE1r05Axzu0Enc3xXpJDYk1ke32QR8SO6UBHqSR
153,1781124369,Natnan117,✞𝙽𝙰𝚃𝙽𝙰𝙽✞🖤,UQA0Txw1zE1r05Axzu0Enc3xXpJDYk1ke32QR8SO6UBHqSR-,UQA0Txw1zE1r05Axzu0Enc3xXpJDYk1ke32QR8SO6UBHqSR
154,8003894281,mike_mykey12345,Gojo,UQA0Txw1zE1r05Axzu0Enc3xXpJDYk1ke32QR8SO6UBHqSR-,UQA0Txw1zE1r05Axzu0Enc3xXpJDYk1ke32QR8SO6UBHqSR
155,7975820845,mike_mykey12,Agape,UQA0Txw1zE1r05Axzu0Enc3xXpJDYk1ke32QR8SO6UBHqSR-,UQA0Txw1zE1r05Axzu0Enc3xXpJDYk1ke32QR8SO6UBHqSR
156,7211340043,mike_mykey123,Kendric,UQA0Txw1zE1r05Axzu0Enc3xXpJDYk1ke32QR8SO6UBHqSR-,UQA0Txw1zE1r05Axzu0Enc3xXpJDYk1ke32QR8SO6UBHqSR
157,7137181508,mike_mykeyyyyyy,Micky,UQA0Txw1zE1r05Axzu0Enc3xXpJDYk1ke32QR8SO6UBHqSR-,UQA0Txw1zE1r05Axzu0Enc3xXpJDYk1ke32QR8SO6UBHqSR
158,7768952478,mike_mykey1234,Drake,UQA0Txw1zE1r05Axzu0Enc3xXpJDYk1ke32QR8SO6UBHqSR-,UQA0Txw1zE1r05Axzu0Enc3xXpJDYk1ke32QR8SO6UBHqSR
159,7857770471,mike_mykeyyy,Book,UQA0Txw1zE1r05Axzu0Enc3xXpJDYk1ke32QR8SO6UBHqSR-,UQA0Txw1zE1r05Axzu0Enc3xXpJDYk1ke32QR8SO6UBHqSR
160,5496923835,mike_mykeyy,🌚🌝,UQA0Txw1zE1r05Axzu0Enc3xXpJDYk1ke32QR8SO6UBHqSR-,UQA0Txw1zE1r05Axzu0Enc3xXpJDYk1ke32QR8SO6UBHqSR
161,7281645853,mike_mykeyyyy,🍀,UQA0Txw1zE1r05Axzu0Enc3xXpJDYk1ke32QR8SO6UBHqSR-,UQA0Txw1zE1r05Axzu0Enc3xXpJDYk1ke32QR8SO6UBHqSR
162,7139180690,Fisherman360,👻👻,UQA0Txw1zE1r05Axzu0Enc3xXpJDYk1ke32QR8SO6UBHqSR-,UQA0Txw1zE1r05Axzu0Enc3xXpJDYk1ke32QR8SO6UBHqSR
163,7340092072,philpos_123,Philpos 2026,UQA0Txw1zE1r05Axzu0Enc3xXpJDYk1ke32QR8SO6UBHqSR-,UQA0Txw1zE1r05Axzu0Enc3xXpJDYk1ke32QR8SO6UBHqSR
164,7906680507,miles_miles123,Miles,UQA0Txw1zE1r05Axzu0Enc3xXpJDYk1ke32QR8SO6UBHqSR-,UQA0Txw1zE1r05Axzu0Enc3xXpJDYk1ke32QR8SO6UBHqSR
165,7525200025,Bekikaka123,Bki,UQA0Txw1zE1r05Axzu0Enc3xXpJDYk1ke32QR8SO6UBHqSR-,UQA0Txw1zE1r05Axzu0Enc3xXpJDYk1ke32QR8SO6UBHqSR
166,7056578899,Life120090,afrikiwa,UQA0Txw1zE1r05Axzu0Enc3xXpJDYk1ke32QR8SO6UBHqSR-,UQA0Txw1zE1r05Axzu0Enc3xXpJDYk1ke32QR8SO6UBHqSR
167,5806257349,Etsub117,Etsub,UQA0Txw1zE1r05Axzu0Enc3xXpJDYk1ke32QR8SO6UBHqSR-,UQA0Txw1zE1r05Axzu0Enc3xXpJDYk1ke32QR8SO6UBHqSR
168,7079394285,mike_mykeyyyyyyyyy,The,UQA0Txw1zE1r05Axzu0Enc3xXpJDYk1ke32QR8SO6UBHqSR-,UQA0Txw1zE1r05Axzu0Enc3xXpJDYk1ke32QR8SO6UBHqSR
169,7510576909,mike_mykeyyyyyyy,Some,UQA0Txw1zE1r05Axzu0Enc3xXpJDYk1ke32QR8SO6UBHqSR-,UQA0Txw1zE1r05Axzu0Enc3xXpJDYk1ke32QR8SO6UBHqSR
170,7407065177,abc_abcd1234,Âsîlæ,UQA0Txw1zE1r05Axzu0Enc3xXpJDYk1ke32QR8SO6UBHqSR-,UQA0Txw1zE1r05Axzu0Enc3xXpJDYk1ke32QR8SO6UBHqSR
171,6958302455,life_of_esu,𝓶𝔂,UQA0Txw1zE1r05Axzu0Enc3xXpJDYk1ke32QR8SO6UBHqSR-,UQA0Txw1zE1r05Axzu0Enc3xXpJDYk1ke32QR8SO6UBHqSR
172,8008029149,mike_mykeyy123,Eskador,UQA0Txw1zE1r05Axzu0Enc3xXpJDYk1ke32QR8SO6UBHqSR-,UQA0Txw1zE1r05Axzu0Enc3xXpJDYk1ke32QR8SO6UBHqSR
173,7278707019,Fliposhub,Phlipos2024,UQA0Txw1zE1r05Axzu0Enc3xXpJDYk1ke32QR8SO6UBHqSR-,UQA0Txw1zE1r05Axzu0Enc3xXpJDYk1ke32QR8SO6UBHqSR
174,1152435788,Kidus630,Fisho,UQA0Txw1zE1r05Axzu0Enc3xXpJDYk1ke32QR8SO6UBHqSR-,UQA0Txw1zE1r05Axzu0Enc3xXpJDYk1ke32QR8SO6UBHqSR
175,7706339743,Esu1357,𝖑𝖎𝖋𝖊 𝖔𝖋 𝖊𝖘𝖚@,UQA0Txw1zE1r05Axzu0Enc3xXpJDYk1ke32QR8SO6UBHqSR-,UQA0Txw1zE1r05Axzu0Enc3xXpJDYk1ke32QR8SO6UBHqSR
176,5775981294,SENBUNSACKURA,¥0π@!|£•[~]@il3®™,UQA0Txw1zE1r05Axzu0Enc3xXpJDYk1ke32QR8SO6UBHqSR-,UQA0Txw1zE1r05Axzu0Enc3xXpJDYk1ke32QR8SO6UBHqSR
177,6724464868,Vegita2727,Kogaki,UQA0Txw1zE1r05Axzu0Enc3xXpJDYk1ke32QR8SO6UBHqSR-,UQA0Txw1zE1r05Axzu0Enc3xXpJDYk1ke32QR8SO6UBHqSR
178,6693600364,Afriki1235,pp Kua2,UQA0Txw1zE1r05Axzu0Enc3xXpJDYk1ke32QR8SO6UBHqSR-,UQA0Txw1zE1r05Axzu0Enc3xXpJDYk1ke32QR8SO6UBHqSR
179,7506804103,Blunas2345,Profile Info,UQA0Txw1zE1r05Axzu0Enc3xXpJDYk1ke32QR8SO6UBHqSR-,UQA0Txw1zE1r05Axzu0Enc3xXpJDYk1ke32QR8SO6UBHqSR
180,7119980501,Fliohub,Flipos1,UQA0Txw1zE1r05Axzu0Enc3xXpJDYk1ke32QR8SO6UBHqSR-,UQA0Txw1zE1r05Axzu0Enc3xXpJDYk1ke32QR8SO6UBHqSR
181,6182920827,Joort21,Jon,UQA0Txw1zE1r05Axzu0Enc3xXpJDYk1ke32QR8SO6UBHqSR-,UQA0Txw1zE1r05Axzu0Enc3xXpJDYk1ke32QR8SO6UBHqSR
182,7516683635,mike_mykeyyyyy,Micky,UQA0Txw1zE1r05Axzu0Enc3xXpJDYk1ke32QR8SO6UBHqSR-,UQA0Txw1zE1r05Axzu0Enc3xXpJDYk1ke32QR8SO6UBHqSR
183,8089396472,star_lightt123,Star,UQA0Txw1zE1r05Axzu0Enc3xXpJDYk1ke32QR8SO6UBHqSR-,UQA0Txw1zE1r05Axzu0Enc3xXpJDYk1ke32QR8SO6UBHqSR
184,6212935792,WHOCARESt117,💡💡,UQA0Txw1zE1r05Axzu0Enc3xXpJDYk1ke32QR8SO6UBHqSR-,UQA0Txw1zE1r05Axzu0Enc3xXpJDYk1ke32QR8SO6UBHqSR
185,7538056425,Blublack234,Flipos 24,UQA0Txw1zE1r05Axzu0Enc3xXpJDYk1ke32QR8SO6UBHqSR-,UQA0Txw1zE1r05Axzu0Enc3xXpJDYk1ke32QR8SO6UBHqSR
186,682865973,Zootopia3117,✝️ ꌗ ꓄ ꍏ ꋪ ꋪ ♊️🏀,UQA0Txw1zE1r05Axzu0Enc3xXpJDYk1ke32QR8SO6UBHqSR-,UQA0Txw1zE1r05Axzu0Enc3xXpJDYk1ke32QR8SO6UBHqSR
187,7525999398,Fliohubs,Musuala,UQA0Txw1zE1r05Axzu0Enc3xXpJDYk1ke32QR8SO6UBHqSR-,UQA0Txw1zE1r05Axzu0Enc3xXpJDYk1ke32QR8SO6UBHqSR
188,7385835630,acukaa129,Odi,UQA0Txw1zE1r05Axzu0Enc3xXpJDYk1ke32QR8SO6UBHqSR-,UQA0Txw1zE1r05Axzu0Enc3xXpJDYk1ke32QR8SO6UBHqSR
189,8192427517,akame_ga_kill12,Hi,UQA0Txw1zE1r05Axzu0Enc3xXpJDYk1ke32QR8SO6UBHqSR-,UQA0Txw1zE1r05Axzu0Enc3xXpJDYk1ke32QR8SO6UBHqSR
190,1781124369,Natnan117,✞𝙽𝙰𝚃𝙽𝙰𝙽✞🖤,UQA0Txw1zE1r05Axzu0Enc3xXpJDYk1ke32QR8SO6UBHqSR-,UQA0Txw1zE1r05Axzu0Enc3xXpJDYk1ke32QR8SO6UBHqSR
191,8003894281,mike_mykey12345,Gojo,UQA0Txw1zE1r05Axzu0Enc3xXpJDYk1ke32QR8SO6UBHqSR-,UQA0Txw1zE1r05Axzu0Enc3xXpJDYk1ke32QR8SO6UBHqSR
192,7975820845,mike_mykey12,Agape,UQA0Txw1zE1r05Axzu0Enc3xXpJDYk1ke32QR8SO6UBHqSR-,UQA0Txw1zE1r05Axzu0Enc3xXpJDYk1ke32QR8SO6UBHqSR
193,7211340043,mike_mykey123,Kendric,UQA0Txw1zE1r05Axzu0Enc3xXpJDYk1ke32QR8SO6UBHqSR-,UQA0Txw1zE1r05Axzu0Enc3xXpJDYk1ke32QR8SO6UBHqSR
194,7137181508,mike_mykeyyyyyy,Micky,UQA0Txw1zE1r05Axzu0Enc3xXpJDYk1ke32QR8SO6UBHqSR-,UQA0Txw1zE1r05Axzu0Enc3xXpJDYk1ke32QR8SO6UBHqSR
195,7768952478,mike_mykey1234,Drake,UQA0Txw1zE1r05Axzu0Enc3xXpJDYk1ke32QR8SO6UBHqSR-,UQA0Txw1zE1r05Axzu0Enc3xXpJDYk1ke32QR8SO6UBHqSR
196,7857770471,mike_mykeyyy,Book,UQA0Txw1zE1r05Axzu0Enc3xXpJDYk1ke32QR8SO6UBHqSR-,UQA0Txw1zE1r05Axzu0Enc3xXpJDYk1ke32QR8SO6UBHqSR
197,5496923835,mike_mykeyy,🌚🌝,UQA0Txw1zE1r05Axzu0Enc3xXpJDYk1ke32QR8SO6UBHqSR-,UQA0Txw1zE1r05Axzu0Enc3xXpJDYk1ke32QR8SO6UBHqSR
198,7281645853,mike_mykeyyyy,🍀,UQA0Txw1zE1r05Axzu0Enc3xXpJDYk1ke32QR8SO6UBHqSR-,UQA0Txw1zE1r05Axzu0Enc3xXpJDYk1ke32QR8SO6UBHqSR
199,7139180690,Fisherman360,👻👻,UQA0Txw1zE1r05Axzu0Enc3xXpJDYk1ke32QR8SO6UBHqSR-,UQA0Txw1zE1r05Axzu0Enc3xXpJDYk1ke32QR8SO6UBHqSR
200,7340092072,philpos_123,Philpos 2026,UQA0Txw1zE1r05Axzu0Enc3xXpJDYk1ke32QR8SO6UBHqSR-,UQA0Txw1zE1r05Axzu0Enc3xXpJDYk1ke32QR8SO6UBHqSR
201,7906680507,miles_miles123,Miles,UQA0Txw1zE1r05Axzu0Enc3xXpJDYk1ke32QR8SO6UBHqSR-,UQA0Txw1zE1r05Axzu0Enc3xXpJDYk1ke32QR8SO6UBHqSR
202,7525200025,Bekikaka123,Bki,UQA0Txw1zE1r05Axzu0Enc3xXpJDYk1ke32QR8SO6UBHqSR-,UQA0Txw1zE1r05Axzu0Enc3xXpJDYk1ke32QR8SO6UBHqSR
203,7056578899,Life120090,afrikiwa,UQA0Txw1zE1r05Axzu0Enc3xXpJDYk1ke32QR8SO6UBHqSR-,UQA0Txw1zE1r05Axzu0Enc3xXpJDYk1ke32QR8SO6UBHqSR
204,5806257349,Etsub117,Etsub,UQA0Txw1zE1r05Axzu0Enc3xXpJDYk1ke32QR8SO6UBHqSR-,UQA0Txw1zE1r05Axzu0Enc3xXpJDYk1ke32QR8SO6UBHqSR
205,7079394285,mike_mykeyyyyyyyyy,The,UQA0Txw1zE1r05Axzu0Enc3xXpJDYk1ke32QR8SO6UBHqSR-,UQA0Txw1zE1r05Axzu0Enc3xXpJDYk1ke32QR8SO6UBHqSR
206,7510576909,mike_mykeyyyyyyy,Some,UQA0Txw1zE1r05Axzu0Enc3xXpJDYk1ke32QR8SO6UBHqSR-,UQA0Txw1zE1r05Axzu0Enc3xXpJDYk1ke32QR8SO6UBHqSR
207,7407065177,abc_abcd1234,Âsîlæ,UQA0Txw1zE1r05Axzu0Enc3xXpJDYk1ke32QR8SO6UBHqSR-,UQA0Txw1zE1r05Axzu0Enc3xXpJDYk1ke32QR8SO6UBHqSR
208,6958302455,life_of_esu,𝓶𝔂,UQA0Txw1zE1r05Axzu0Enc3xXpJDYk1ke32QR8SO6UBHqSR-,UQA0Txw1zE1r05Axzu0Enc3xXpJDYk1ke32QR8SO6UBHqSR
209,8008029149,mike_mykeyy123,Eskador,UQA0Txw1zE1r05Axzu0Enc3xXpJDYk1ke32QR8SO6UBHqSR-,UQA0Txw1zE1r05Axzu0Enc3xXpJDYk1ke32QR8SO6UBHqSR
210,7278707019,Fliposhub,Phlipos2024,UQA0Txw1zE1r05Axzu0Enc3xXpJDYk1ke32QR8SO6UBHqSR-,UQA0Txw1zE1r05Axzu0Enc3xXpJDYk1ke32QR8SO6UBHqSR
211,1152435788,Kidus630,Fisho,UQA0Txw1zE1r05Axzu0Enc3xXpJDYk1ke32QR8SO6UBHqSR-,UQA0Txw1zE1r05Axzu0Enc3xXpJDYk1ke32QR8SO6UBHqSR
212,7706339743,Esu1357,𝖑𝖎𝖋𝖊 𝖔𝖋 𝖊𝖘𝖚@,UQA0Txw1zE1r05Axzu0Enc3xXpJDYk1ke32QR8SO6UBHqSR-,UQA0Txw1zE1r05Axzu0Enc3xXpJDYk1ke32QR8SO6UBHqSR
213,5775981294,SENBUNSACKURA,¥0π@!|£•[~]@il3®™,UQA0Txw1zE1r05Axzu0Enc3xXpJDYk1ke32QR8SO6UBHqSR-,UQA0Txw1zE1r05Axzu0Enc3xXpJDYk1ke32QR8SO6UBHqSR
214,6724464868,Vegita2727,Kogaki,UQA0Txw1zE1r05Axzu0Enc3xXpJDYk1ke32QR8SO6UBHqSR-,UQA0Txw1zE1r05Axzu0Enc3xXpJDYk1ke32QR8SO6UBHqSR
215,6693600364,Afriki1235,pp Kua2,UQA0Txw1zE1r05Axzu0Enc3xXpJDYk1ke32QR8SO6UBHqSR-,UQA0Txw1zE1r05Axzu0Enc3xXpJDYk1ke32QR8SO6UBHqSR
216,7506804103,Blunas2345,Profile Info,UQA0Txw1zE1r05Axzu0Enc3xXpJDYk1ke32QR8SO6UBHqSR-,UQA0Txw1zE1r05Axzu0Enc3xXpJDYk1ke32QR8SO6UBHqSR
217,7119980501,Fliohub,Flipos1,UQA0Txw1zE1r05Axzu0Enc3xXpJDYk1ke32QR8SO6UBHqSR-,UQA0Txw1zE1r05Axzu0Enc3xXpJDYk1ke32QR8SO6UBHqSR
218,6182920827,Joort21,Jon,UQA0Txw1zE1r05Axzu0Enc3xXpJDYk1ke32QR8SO6UBHqSR-,UQA0Txw1zE1r05Axzu0Enc3xXpJDYk1ke32QR8SO6UBHqSR
219,7516683635,mike_mykeyyyyy,Micky,UQA0Txw1zE1r05Axzu0Enc3xXpJDYk1ke32QR8SO6UBHqSR-,UQA0Txw1zE1r05Axzu0Enc3xXpJDYk1ke32QR8SO6UBHqSR
220,8089396472,star_lightt123,Star,UQA0Txw1zE1r05Axzu0Enc3xXpJDYk1ke32QR8SO6UBHqSR-,UQA0Txw1zE1r05Axzu0Enc3xXpJDYk1ke32QR8SO6UBHqSR
221,6212935792,WHOCARESt117,💡💡,UQA0Txw1zE1r05Axzu0Enc3xXpJDYk1ke32QR8SO6UBHqSR-,UQA0Txw1zE1r05Axzu0Enc3xXpJDYk1ke32QR8SO6UBHqSR
222,7538056425,Blublack234,Flipos 24,UQA0Txw1zE1r05Axzu0Enc3xXpJDYk1ke32QR8SO6UBHqSR-,UQA0Txw1zE1r05Axzu0Enc3xXpJDYk1ke32QR8SO6UBHqSR
223,682865973,Zootopia3117,✝️ ꌗ ꓄ ꍏ ꋪ ꋪ ♊️🏀,UQA0Txw1zE1r05Axzu0Enc3xXpJDYk1ke32QR8SO6UBHqSR-,UQA0Txw1zE1r05Axzu0Enc3xXpJDYk1ke32QR8SO6UBHqSR
224,7525999398,Fliohubs,Musuala,UQA0Txw1zE1r05Axzu0Enc3xXpJDYk1ke32QR8SO6UBHqSR-,UQA0Txw1zE1r05Axzu0Enc3xXpJDYk1ke32QR8SO6UBHqSR
225,7385835630,acukaa129,Odi,UQA0Txw1zE1r05Axzu0Enc3xXpJDYk1ke32QR8SO6UBHqSR-,UQA0Txw1zE1r05Axzu0Enc3xXpJDYk1ke32QR8SO6UBHqSR
226,8192427517,akame_ga_kill12,Hi,UQA0Txw1zE1r05Axzu0Enc3xXpJDYk1ke32QR8SO6UBHqSR-,UQA0Txw1zE1r05Axzu0Enc3xXpJDYk1ke32QR8SO6UBHqSR
227,1781124369,Natnan117,✞𝙽𝙰𝚃𝙽𝙰𝙽✞🖤,UQA0Txw1zE1r05Axzu0Enc3xXpJDYk1ke32QR8SO6UBHqSR-,UQA0Txw1zE1r05Axzu0Enc3xXpJDYk1ke32QR8SO6UBHqSR
228,8003894281,mike_mykey12345,Gojo,UQA0Txw1zE1r05Axzu0Enc3xXpJDYk1ke32QR8SO6UBHqSR-,UQA0Txw1zE1r05Axzu0Enc3xXpJDYk1ke32QR8SO6UBHqSR
229,7975820845,mike_mykey12,Agape,UQA0Txw1zE1r05Axzu0Enc3xXpJDYk1ke32QR8SO6UBHqSR-,UQA0Txw1zE1r05Axzu0Enc3xXpJDYk1ke32QR8SO6UBHqSR
230,7211340043,mike_mykey123,Kendric,UQA0Txw1zE1r05Axzu0Enc3xXpJDYk1ke32QR8SO6UBHqSR-,UQA0Txw1zE1r05Axzu0Enc3xXpJDYk1ke32QR8SO6UBHqSR
231,7137181508,mike_mykeyyyyyy,Micky,UQA0Txw1zE1r05Axzu0Enc3xXpJDYk1ke32QR8SO6UBHqSR-,UQA0Txw1zE1r05Axzu0Enc3xXpJDYk1ke32QR8SO6UBHqSR
232,7768952478,mike_mykey1234,Drake,UQA0Txw1zE1r05Axzu0Enc3xXpJDYk1ke32QR8SO6UBHqSR-,UQA0Txw1zE1r05Axzu0Enc3xXpJDYk1ke32QR8SO6UBHqSR
233,7857770471,mike_mykeyyy,Book,UQA0Txw1zE1r05Axzu0Enc3xXpJDYk1ke32QR8SO6UBHqSR-,UQA0Txw1zE1r05Axzu0Enc3xXpJDYk1ke32QR8SO6UBHqSR
234,5496923835,mike_mykeyy,🌚🌝,UQA0Txw1zE1r05Axzu0Enc3xXpJDYk1ke32QR8SO6UBHqSR-,UQA0Txw1zE1r05Axzu0Enc3xXpJDYk1ke32QR8SO6UBHqSR
235,7281645853,mike_mykeyyyy,🍀,UQA0Txw1zE1r05Axzu0Enc3xXpJDYk1ke32QR8SO6UBHqSR-,UQA0Txw1zE1r05Axzu0Enc3xXpJDYk1ke32QR8SO6UBHqSR
236,7139180690,Fisherman360,👻👻,UQA0Txw1zE1r05Axzu0Enc3xXpJDYk1ke32QR8SO6UBHqSR-,UQA0Txw1zE1r05Axzu0Enc3xXpJDYk1ke32QR8SO6UBHqSR
237,7340092072,philpos_123,Philpos 2026,UQA0Txw1zE1r05Axzu0Enc3xXpJDYk1ke32QR8SO6UBHqSR-,UQA0Txw1zE1r05Axzu0Enc3xXpJDYk1ke32QR8SO6UBHqSR
238,7906680507,miles_miles123,Miles,UQA0Txw1zE1r05Axzu0Enc3xXpJDYk1ke32QR8SO6UBHqSR-,UQA0Txw1zE1r05Axzu0Enc3xXpJDYk1ke32QR8SO6UBHqSR
239,7525200025,Bekikaka123,Bki,UQA0Txw1zE1r05Axzu0Enc3xXpJDYk1ke32QR8SO6UBHqSR-,UQA0Txw1zE1r05Axzu0Enc3xXpJDYk1ke32QR8SO6UBHqSR
240,7056578899,Life120090,afrikiwa,UQA0Txw1zE1r05Axzu0Enc3xXpJDYk1ke32QR8SO6UBHqSR-,UQA0Txw1zE1r05Axzu0Enc3xXpJDYk1ke32QR8SO6UBHqSR
241,5806257349,Etsub117,Etsub,UQA0Txw1zE1r05Axzu0Enc3xXpJDYk1ke32QR8SO6UBHqSR-,UQA0Txw1zE1r05Axzu0Enc3xXpJDYk1ke32QR8SO6UBHqSR
242,7079394285,mike_mykeyyyyyyyyy,The,UQA0Txw1zE1r05Axzu0Enc3xXpJDYk1ke32QR8SO6UBHqSR-,UQA0Txw1zE1r05Axzu0Enc3xXpJDYk1ke32QR8SO6UBHqSR
243,7510576909,mike_mykeyyyyyyy,Some,UQA0Txw1zE1r05Axzu0Enc3xXpJDYk1ke32QR8SO6UBHqSR-,UQA0Txw1zE1r05Axzu0Enc3xXpJDYk1ke32QR8SO6UBHqSR
244,7407065177,abc_abcd1234,Âsîlæ,UQA0Txw1zE1r05Axzu0Enc3xXpJDYk1ke32QR8SO6UBHqSR-,UQA0Txw1zE1r05Axzu0Enc3xXpJDYk1ke32QR8SO6UBHqSR
245,6958302455,life_of_esu,𝓶𝔂,UQA0Txw1zE1r05Axzu0Enc3xXpJDYk1ke32QR8SO6UBHqSR-,UQA0Txw1zE1r05Axzu0Enc3xXpJDYk1ke32QR8SO6UBHqSR
246,8008029149,mike_mykeyy123,Eskador,UQA0Txw1zE1r05Axzu0Enc3xXpJDYk1ke32QR8SO6UBHqSR-,UQA0Txw1zE1r05Axzu0Enc3xXpJDYk1ke32QR8SO6UBHqSR
247,7278707019,Fliposhub,Phlipos2024,UQA0Txw1zE1r05Axzu0Enc3xXpJDYk1ke32QR8SO6UBHqSR-,UQA0Txw1zE1r05Axzu0Enc3xXpJDYk1ke32QR8SO6UBHqSR
248,1152435788,Kidus630,Fisho,UQA0Txw1zE1r05Axzu0Enc3xXpJDYk1ke32QR8SO6UBHqSR-,UQA0Txw1zE1r05Axzu0Enc3xXpJDYk1ke32QR8SO6UBHqSR
249,7706339743,Esu1357,𝖑𝖎𝖋𝖊 𝖔𝖋 𝖊𝖘𝖚@,UQA0Txw1zE1r05Axzu0Enc3xXpJDYk1ke32QR8SO6UBHqSR-,UQA0Txw1zE1r05Axzu0Enc3xXpJDYk1ke32QR8SO6UBHqSR
250,5775981294,SENBUNSACKURA,¥0π@!|£•[~]@il3®™,UQA0Txw1zE1r05Axzu0Enc3xXpJDYk1ke32QR8SO6UBHqSR-,UQA0Txw1zE1r05Axzu0Enc3xXpJDYk1ke32QR8SO6UBHqSR
251,6724464868,Vegita2727,Kogaki,UQA0Txw1zE1r05Axzu0Enc3xXpJDYk1ke32QR8SO6UBHqSR-,UQA0Txw1zE1r05Axzu0Enc3xXpJDYk1ke32QR8SO6UBHqSR
252,6693600364,Afriki1235,pp Kua2,UQA0Txw1zE1r05Axzu0Enc3xXpJDYk1ke32QR8SO6UBHqSR-,UQA0Txw1zE1r05Axzu0Enc3xXpJDYk1ke32QR8SO6UBHqSR
253,7506804103,Blunas2345,Profile Info,UQA0Txw1zE1r05Axzu0Enc3xXpJDYk1ke32QR8SO6UBHqSR-,UQA0Txw1zE1r05Axzu0Enc3xXpJDYk1ke32QR8SO6UBHqSR
254,7119980501,Fliohub,Flipos1,UQA0Txw1zE1r05Axzu0Enc3xXpJDYk1ke32QR8SO6UBHqSR-,UQA0Txw1zE1r05Axzu0Enc3xXpJDYk1ke32QR8SO6UBHqSR
255,6182920827,Joort21,Jon,UQA0Txw1zE1r05Axzu0Enc3xXpJDYk1ke32QR8SO6UBHqSR-,UQA0Txw1zE1r05Axzu0Enc3xXpJDYk1ke32QR8SO6UBHqSR
256,7516683635,mike_mykeyyyyy,Micky,UQA0Txw1zE1r05Axzu0Enc3xXpJDYk1ke32QR8SO6UBHqSR-,UQA0Txw1zE1r05Axzu0Enc3xXpJDYk1ke32QR8SO6UBHqSR
257,8089396472,star_lightt123,Star,UQA0Txw1zE1r05Axzu0Enc3xXpJDYk1ke32QR8SO6UBHqSR-,UQA0Txw1zE1r05Axzu0Enc3xXpJDYk1ke32QR8SO6UBHqSR
258,6212935792,WHOCARESt117,💡💡,UQA0Txw1zE1r05Axzu0Enc3xXpJDYk1ke32QR8SO6UBHqSR-,UQA0Txw1zE1r05Axzu0Enc3xXpJDYk1ke32QR8SO6UBHqSR
259,7538056425,Blublack234,Flipos 24,UQA0Txw1zE1r05Axzu0Enc3xXpJDYk1ke32QR8SO6UBHqSR-,UQA0Txw1zE1r05Axzu0Enc3xXpJDYk1ke32QR8SO6UBHqSR
260,682865973,Zootopia3117,✝️ ꌗ ꓄ ꍏ ꋪ ꋪ ♊️🏀,UQA0Txw1zE1r05Axzu0Enc3xXpJDYk1ke32QR8SO6UBHqSR-,UQA0Txw1zE1r05Axzu0Enc3xXpJDYk1ke32QR8SO6UBHqSR
261,7525999398,Fliohubs,Musuala,UQA0Txw1zE1r05Axzu0Enc3xXpJDYk1ke32QR8SO6UBHqSR-,UQA0Txw1zE1r05Axzu0Enc3xXpJDYk1ke32QR8SO6UBHqSR
262,7385835630,acukaa129,Odi,UQA0Txw1zE1r05Axzu0Enc3xXpJDYk1ke32QR8SO6UBHqSR-,UQA0Txw1zE1r05Axzu0Enc3xXpJDYk1ke32QR8SO6UBHqSR
263,8192427517,akame_ga_kill12,Hi,UQA0Txw1zE1r05Axzu0Enc3xXpJDYk1ke32QR8SO6UBHqSR-,UQA0Txw1zE1r05Axzu0Enc3xXpJDYk1ke32QR8SO6UBHqSR
264,1781124369,Natnan117,✞𝙽𝙰𝚃𝙽𝙰𝙽✞🖤,UQA0Txw1zE1r05Axzu0Enc3xXpJDYk1ke32QR8SO6UBHqSR-,UQA0Txw1zE1r05Axzu0Enc3xXpJDYk1ke32QR8SO6UBHqSR
265,8003894281,mike_mykey12345,Gojo,UQA0Txw1zE1r05Axzu0Enc3xXpJDYk1ke32QR8SO6UBHqSR-,UQA0Txw1zE1r05Axzu0Enc3xXpJDYk1ke32QR8SO6UBHqSR
266,7975820845,mike_mykey12,Agape,UQA0Txw1zE1r05Axzu0Enc3xXpJDYk1ke32QR8SO6UBHqSR-,UQA0Txw1zE1r05Axzu0Enc3xXpJDYk1ke32QR8SO6UBHqSR
267,7211340043,mike_mykey123,Kendric,UQA0Txw1zE1r05Axzu0Enc3xXpJDYk1ke32QR8SO6UBHqSR-,UQA0Txw1zE1r05Axzu0Enc3xXpJDYk1ke32QR8SO6UBHqSR
268,7137181508,mike_mykeyyyyyy,Micky,UQA0Txw1zE1r05Axzu0Enc3xXpJDYk1ke32QR8SO6UBHqSR-,UQA0Txw1zE1r05Axzu0Enc3xXpJDYk1ke32QR8SO6UBHqSR
269,7768952478,mike_mykey1234,Drake,UQA0Txw1zE1r05Axzu0Enc3xXpJDYk1ke32QR8SO6UBHqSR-,UQA0Txw1zE1r05Axzu0Enc3xXpJDYk1ke32QR8SO6UBHqSR
270,7857770471,mike_mykeyyy,Book,UQA0Txw1zE1r05Axzu0Enc3xXpJDYk1ke32QR8SO6UBHqSR-,UQA0Txw1zE1r05Axzu0Enc3xXpJDYk1ke32QR8SO6UBHqSR
271,5496923835,mike_mykeyy,🌚🌝,UQA0Txw1zE1r05Axzu0Enc3xXpJDYk1ke32QR8SO6UBHqSR-,UQA0Txw1zE1r05Axzu0Enc3xXpJDYk1ke32QR8SO6UBHqSR
272,7281645853,mike_mykeyyyy,🍀,UQA0Txw1zE1r05Axzu0Enc3xXpJDYk1ke32QR8SO6UBHqSR-,UQA0Txw1zE1r05Axzu0Enc3xXpJDYk1ke32QR8SO6UBHqSR
273,7139180690,Fisherman360,👻👻,UQA0Txw1zE1r05Axzu0Enc3xXpJDYk1ke32QR8SO6UBHqSR-,UQA0Txw1zE1r05Axzu0Enc3xXpJDYk1ke32QR8SO6UBHqSR
274,7340092072,philpos_123,Philpos 2026,UQA0Txw1zE1r05Axzu0Enc3xXpJDYk1ke32QR8SO6UBHqSR-,UQA0Txw1zE1r05Axzu0Enc3xXpJDYk1ke32QR8SO6UBHqSR
275,7906680507,miles_miles123,Miles,UQA0Txw1zE1r05Axzu0Enc3xXpJDYk1ke32QR8SO6UBHqSR-,UQA0Txw1zE1r05Axzu0Enc3xXpJDYk1ke32QR8SO6UBHqSR
276,7525200025,Bekikaka123,Bki,UQA0Txw1zE1r05Axzu0Enc3xXpJDYk1ke32QR8SO6UBHqSR-,UQA0Txw1zE1r05Axzu0Enc3xXpJDYk1ke32QR8SO6UBHqSR
277,7056578899,Life120090,afrikiwa,UQA0Txw1zE1r05Axzu0Enc3xXpJDYk1ke32QR8SO6UBHqSR-,UQA0Txw1zE1r05Axzu0Enc3xXpJDYk1ke32QR8SO6UBHqSR
278,5806257349,Etsub117,Etsub,UQA0Txw1zE1r05Axzu0Enc3xXpJDYk1ke32QR8SO6UBHqSR-,UQA0Txw1zE1r05Axzu0Enc3xXpJDYk1ke32QR8SO6UBHqSR
279,7079394285,mike_mykeyyyyyyyyy,The,UQA0Txw1zE1r05Axzu0Enc3xXpJDYk1ke32QR8SO6UBHqSR-,UQA0Txw1zE1r05Axzu0Enc3xXpJDYk1ke32QR8SO6UBHqSR
280,7510576909,mike_mykeyyyyyyy,Some,UQA0Txw1zE1r05Axzu0Enc3xXpJDYk1ke32QR8SO6UBHqSR-,UQA0Txw1zE1r05Axzu0Enc3xXpJDYk1ke32QR8SO6UBHqSR
281,7407065177,abc_abcd1234,Âsîlæ,UQA0Txw1zE1r05Axzu0Enc3xXpJDYk1ke32QR8SO6UBHqSR-,UQA0Txw1zE1r05Axzu0Enc3xXpJDYk1ke32QR8SO6UBHqSR
282,6958302455,life_of_esu,𝓶𝔂,UQA0Txw1zE1r05Axzu0Enc3xXpJDYk1ke32QR8SO6UBHqSR-,UQA0Txw1zE1r05Axzu0Enc3xXpJDYk1ke32QR8SO6UBHqSR
283,8008029149,mike_mykeyy123,Eskador,UQA0Txw1zE1r05Axzu0Enc3xXpJDYk1ke32QR8SO6UBHqSR-,UQA0Txw1zE1r05Axzu0Enc3xXpJDYk1ke32QR8SO6UBHqSR
284,7278707019,Fliposhub,Phlipos2024,UQA0Txw1zE1r05Axzu0Enc3xXpJDYk1ke32QR8SO6UBHqSR-,UQA0Txw1zE1r05Axzu0Enc3xXpJDYk1ke32QR8SO6UBHqSR
285,1152435788,Kidus630,Fisho,UQA0Txw1zE1r05Axzu0Enc3xXpJDYk1ke32QR8SO6UBHqSR-,UQA0Txw1zE1r05Axzu0Enc3xXpJDYk1ke32QR8SO6UBHqSR
286,7706339743,Esu1357,𝖑𝖎𝖋𝖊 𝖔𝖋 𝖊𝖘𝖚@,UQA0Txw1zE1r05Axzu0Enc3xXpJDYk1ke32QR8SO6UBHqSR-,UQA0Txw1zE1r05Axzu0Enc3xXpJDYk1ke32QR8SO6UBHqSR
287,5775981294,SENBUNSACKURA,¥0π@!|£•[~]@il3®™,UQA0Txw1zE1r05Axzu0Enc3xXpJDYk1ke32QR8SO6UBHqSR-,UQA0Txw1zE1r05Axzu0Enc3xXpJDYk1ke32QR8SO6UBHqSR
288,6724464868,Vegita2727,Kogaki,UQA0Txw1zE1r05Axzu0Enc3xXpJDYk1ke32QR8SO6UBHqSR-,UQA0Txw1zE1r05Axzu0Enc3xXpJDYk1ke32QR8SO6UBHqSR
289,6693600364,Afriki1235,pp Kua2,UQA0Txw1zE1r05Axzu0Enc3xXpJDYk1ke32QR8SO6UBHqSR-,UQA0Txw1zE1r05Axzu0Enc3xXpJDYk1ke32QR8SO6UBHqSR
290,7506804103,Blunas2345,Profile Info,UQA0Txw1zE1r05Axzu0Enc3xXpJDYk1ke32QR8SO6UBHqSR-,UQA0Txw1zE1r05Axzu0Enc3xXpJDYk1ke32QR8SO6UBHqSR
291,7119980501,Fliohub,Flipos1,UQA0Txw1zE1r05Axzu0Enc3xXpJDYk1ke32QR8SO6UBHqSR-,UQA0Txw1zE1r05Axzu0Enc3xXpJDYk1ke32QR8SO6UBHqSR
292,6182920827,Joort21,Jon,UQA0Txw1zE1r05Axzu0Enc3xXpJDYk1ke32QR8SO6UBHqSR-,UQA0Txw1zE1r05Axzu0Enc3xXpJDYk1ke32QR8SO6UBHqSR
293,7516683635,mike_mykeyyyyy,Micky,UQA0Txw1zE1r05Axzu0Enc3xXpJDYk1ke32QR8SO6UBHqSR-,UQA0Txw1zE1r05Axzu0Enc3xXpJDYk1ke32QR8SO6UBHqSR
294,8089396472,star_lightt123,Star,UQA0Txw1zE1r05Axzu0Enc3xXpJDYk1ke32QR8SO6UBHqSR-,UQA0Txw1zE1r05Axzu0Enc3xXpJDYk1ke32QR8SO6UBHqSR
295,6212935792,WHOCARESt117,💡💡,UQA0Txw1zE1r05Axzu0Enc3xXpJDYk1ke32QR8SO6UBHqSR-,UQA0Txw1zE1r05Axzu0Enc3xXpJDYk1ke32QR8SO6UBHqSR
296,7538056425,Blublack234,Flipos 24,UQA0Txw1zE1r05Axzu0Enc3xXpJDYk1ke32QR8SO6UBHqSR-,UQA0Txw1zE1r05Axzu0Enc3xXpJDYk1ke32QR8SO6UBHqSR
297,682865973,Zootopia3117,✝️ ꌗ ꓄ ꍏ ꋪ ꋪ ♊️🏀,UQA0Txw1zE1r05Axzu0Enc3xXpJDYk1ke32QR8SO6UBHqSR-,UQA0Txw1zE1r05Axzu0Enc3xXpJDYk1ke32QR8SO6UBHqSR
298,7525999398,Fliohubs,Musuala,UQA0Txw1zE1r05Axzu0Enc3xXpJDYk1ke32QR8SO6UBHqSR-,UQA0Txw1zE1r05Axzu0Enc3xXpJDYk1ke32QR8SO6UBHqSR
299,7385835630,acukaa129,Odi,UQA0Txw1zE1r05Axzu0Enc3xXpJDYk1ke32QR8SO6UBHqSR-,UQA0Txw1zE1r05Axzu0Enc3xXpJDYk1ke32QR8SO6UBHqSR
300,8192427517,akame_ga_kill12,Hi,UQA0Txw1zE1r05Axzu0Enc3xXpJDYk1ke32QR8SO6UBHqSR-,UQA0Txw1zE1r05Axzu0Enc3xXpJDYk1ke32QR8SO6UBHqSR
301,1781124369,Natnan117,✞𝙽𝙰𝚃𝙽𝙰𝙽✞🖤,UQA0Txw1zE1r05Axzu0Enc3xXpJDYk1ke32QR8SO6UBHqSR-,UQA0Txw1zE1r05Axzu0Enc3xXpJDYk1ke32QR8SO6UBHqSR
302,8003894281,mike_mykey12345,Gojo,UQA0Txw1zE1r05Axzu0Enc3xXpJDYk1ke32QR8SO6UBHqSR-,UQA0Txw1zE1r05Axzu0Enc3xXpJDYk1ke32QR8SO6UBHqSR
303,7975820845,mike_mykey12,Agape,UQA0Txw1zE1r05Axzu0Enc3xXpJDYk1ke32QR8SO6UBHqSR-,UQA0Txw1zE1r05Axzu0Enc3xXpJDYk1ke32QR8SO6UBHqSR
304,7211340043,mike_mykey123,Kendric,UQA0Txw1zE1r05Axzu0Enc3xXpJDYk1ke32QR8SO6UBHqSR-,UQA0Txw1zE1r05Axzu0Enc3xXpJDYk1ke32QR8SO6UBHqSR
305,7137181508,mike_mykeyyyyyy,Micky,UQA0Txw1zE1r05Axzu0Enc3xXpJDYk1ke32QR8SO6UBHqSR-,UQA0Txw1zE1r05Axzu0Enc3xXpJDYk1ke32QR8SO6UBHqSR
306,7768952478,mike_mykey1234,Drake,UQA0Txw1zE1r05Axzu0Enc3xXpJDYk1ke32QR8SO6UBHqSR-,UQA0Txw1zE1r05Axzu0Enc3xXpJDYk1ke32QR8SO6UBHqSR
307,7857770471,mike_mykeyyy,Book,UQA0Txw1zE1r05Axzu0Enc3xXpJDYk1ke32QR8SO6UBHqSR-,UQA0Txw1zE1r05Axzu0Enc3xXpJDYk1ke32QR8SO6UBHqSR
308,5496923835,mike_mykeyy,🌚🌝,UQA0Txw1zE1r05Axzu0Enc3xXpJDYk1ke32QR8SO6UBHqSR-,UQA0Txw1zE1r05Axzu0Enc3xXpJDYk1ke32QR8SO6UBHqSR
309,7281645853,mike_mykeyyyy,🍀,UQA0Txw1zE1r05Axzu0Enc3xXpJDYk1ke32QR8SO6UBHqSR-,UQA0Txw1zE1r05Axzu0Enc3xXpJDYk1ke32QR8SO6UBHqSR
310,7139180690,Fisherman360,👻👻,UQA0Txw1zE1r05Axzu0Enc3xXpJDYk1ke32QR8SO6UBHqSR-,UQA0Txw1zE1r05Axzu0Enc3xXpJDYk1ke32QR8SO6UBHqSR
311,7340092072,philpos_123,Philpos 2026,UQA0Txw1zE1r05Axzu0Enc3xXpJDYk1ke32QR8SO6UBHqSR-,UQA0Txw1zE1r05Axzu0Enc3xXpJDYk1ke32QR8SO6UBHqSR
312,7906680507,miles_miles123,Miles,UQA0Txw1zE1r05Axzu0Enc3xXpJDYk1ke32QR8SO6UBHqSR-,UQA0Txw1zE1r05Axzu0Enc3xXpJDYk1ke32QR8SO6UBHqSR
313,7525200025,Bekikaka123,Bki,UQA0Txw1zE1r05Axzu0Enc3xXpJDYk1ke32QR8SO6UBHqSR-,UQA0Txw1zE1r05Axzu0Enc3xXpJDYk1ke32QR8SO6UBHqSR
314,7056578899,Life120090,afrikiwa,UQA0Txw1zE1r05Axzu0Enc3xXpJDYk1ke32QR8SO6UBHqSR-,UQA0Txw1zE1r05Axzu0Enc3xXpJDYk1ke32QR8SO6UBHqSR
315,5806257349,Etsub117,Etsub,UQA0Txw1zE1r05Axzu0Enc3xXpJDYk1ke32QR8SO6UBHqSR-,UQA0Txw1zE1r05Axzu0Enc3xXpJDYk1ke32QR8SO6UBHqSR
316,7079394285,mike_mykeyyyyyyyyy,The,UQA0Txw1zE1r05Axzu0Enc3xXpJDYk1ke32QR8SO6UBHqSR-,UQA0Txw1zE1r05Axzu0Enc3xXpJDYk1ke32QR8SO6UBHqSR
317,7510576909,mike_mykeyyyyyyy,Some,UQA0Txw1zE1r05Axzu0Enc3xXpJDYk1ke32QR8SO6UBHqSR-,UQA0Txw1zE1r05Axzu0Enc3xXpJDYk1ke32QR8SO6UBHqSR
318,7407065177,abc_abcd1234,Âsîlæ,UQA0Txw1zE1r05Axzu0Enc3xXpJDYk1ke32QR8SO6UBHqSR-,UQA0Txw1zE1r05Axzu0Enc3xXpJDYk1ke32QR8SO6UBHqSR
319,6958302455,life_of_esu,𝓶𝔂,UQA0Txw1zE1r05Axzu0Enc3xXpJDYk1ke32QR8SO6UBHqSR-,UQA0Txw1zE1r05Axzu0Enc3xXpJDYk1ke32QR8SO6UBHqSR
320,8008029149,mike_mykeyy123,Eskador,UQA0Txw1zE1r05Axzu0Enc3xXpJDYk1ke32QR8SO6UBHqSR-,UQA0Txw1zE1r05Axzu0Enc3xXpJDYk1ke32QR8SO6UBHqSR
321,7278707019,Fliposhub,Phlipos2024,UQA0Txw1zE1r05Axzu0Enc3xXpJDYk1ke32QR8SO6UBHqSR-,UQA0Txw1zE1r05Axzu0Enc3xXpJDYk1ke32QR8SO6UBHqSR
322,1152435788,Kidus630,Fisho,UQA0Txw1zE1r05Axzu0Enc3xXpJDYk1ke32QR8SO6UBHqSR-,UQA0Txw1zE1r05Axzu0Enc3xXpJDYk1ke32QR8SO6UBHqSR
323,7706339743,Esu1357,𝖑𝖎𝖋𝖊 𝖔𝖋 𝖊𝖘𝖚@,UQA0Txw1zE1r05Axzu0Enc3xXpJDYk1ke32QR8SO6UBHqSR-,UQA0Txw1zE1r05Axzu0Enc3xXpJDYk1ke32QR8SO6UBHqSR
324,5775981294,SENBUNSACKURA,¥0π@!|£•[~]@il3®™,UQA0Txw1zE1r05Axzu0Enc3xXpJDYk1ke32QR8SO6UBHqSR-,UQA0Txw1zE1r05Axzu0Enc3xXpJDYk1ke32QR8SO6UBHqSR
325,6724464868,Vegita2727,Kogaki,UQA0Txw1zE1r05Axzu0Enc3xXpJDYk1ke32QR8SO6UBHqSR-,UQA0Txw1zE1r05Axzu0Enc3xXpJDYk1ke32QR8SO6UBHqSR
326,6693600364,Afriki1235,pp Kua2,UQA0Txw1zE1r05Axzu0Enc3xXpJDYk1ke32QR8SO6UBHqSR-,UQA0Txw1zE1r05Axzu0Enc3xXpJDYk1ke32QR8SO6UBHqSR
327,7506804103,Blunas2345,Profile Info,UQA0Txw1zE1r05Axzu0Enc3xXpJDYk1ke32QR8SO6UBHqSR-,UQA0Txw1zE1r05Axzu0Enc3xXpJDYk1ke32QR8SO6UBHqSR
328,7119980501,Fliohub,Flipos1,UQA0Txw1zE1r05Axzu0Enc3xXpJDYk1ke32QR8SO6UBHqSR-,UQA0Txw1zE1r05Axzu0Enc3xXpJDYk1ke32QR8SO6UBHqSR
329,6182920827,Joort21,Jon,UQA0Txw1zE1r05Axzu0Enc3xXpJDYk1ke32QR8SO6UBHqSR-,UQA0Txw1zE1r05Axzu0Enc3xXpJDYk1ke32QR8SO6UBHqSR
330,7516683635,mike_mykeyyyyy,Micky,UQA0Txw1zE1r05Axzu0Enc3xXpJDYk1ke32QR8SO6UBHqSR-,UQA0Txw1zE1r05Axzu0Enc3xXpJDYk1ke32QR8SO6UBHqSR
331,8089396472,star_lightt123,Star,UQA0Txw1zE1r05Axzu0Enc3xXpJDYk1ke32QR8SO6UBHqSR-,UQA0Txw1zE1r05Axzu0Enc3xXpJDYk1ke32QR8SO6UBHqSR
332,6212935792,WHOCARESt117,💡💡,UQA0Txw1zE1r05Axzu0Enc3xXpJDYk1ke32QR8SO6UBHqSR-,UQA0Txw1zE1r05Axzu0Enc3xXpJDYk1ke32QR8SO6UBHqSR
333,7538056425,Blublack234,Flipos 24,UQA0Txw1zE1r05Axzu0Enc3xXpJDYk1ke32QR8SO6UBHqSR-,UQA0Txw1zE1r05Axzu0Enc3xXpJDYk1ke32QR8SO6UBHqSR
334,682865973,Zootopia3117,✝️ ꌗ ꓄ ꍏ ꋪ ꋪ ♊️🏀,UQA0Txw1zE1r05Axzu0Enc3xXpJDYk1ke32QR8SO6UBHqSR-,UQA0Txw1zE1r05Axzu0Enc3xXpJDYk1ke32QR8SO6UBHqSR
335,7525999398,Fliohubs,Musuala,UQA0Txw1zE1r05Axzu0Enc3xXpJDYk1ke32QR8SO6UBHqSR-,UQA0Txw1zE1r05Axzu0Enc3xXpJDYk1ke32QR8SO6UBHqSR
336,7385835630,acukaa129,Odi,UQA0Txw1zE1r05Axzu0Enc3xXpJDYk1ke32QR8SO6UBHqSR-,UQA0Txw1zE1r05Axzu0Enc3xXpJDYk1ke32QR8SO6UBHqSR
337,8192427517,akame_ga_kill12,Hi,UQA0Txw1zE1r05Axzu0Enc3xXpJDYk1ke32QR8SO6UBHqSR-,UQA0Txw1zE1r05Axzu0Enc3xXpJDYk1ke32QR8SO6UBHqSR
338,1781124369,Natnan117,✞𝙽𝙰𝚃𝙽𝙰𝙽✞🖤,UQA0Txw1zE1r05Axzu0Enc3xXpJDYk1ke32QR8SO6UBHqSR-,UQA0Txw1zE1r05Axzu0Enc3xXpJDYk1ke32QR8SO6UBHqSR
339,8003894281,mike_mykey12345,Gojo,UQA0Txw1zE1r05Axzu0Enc3xXpJDYk1ke32QR8SO6UBHqSR-,UQA0Txw1zE1r05Axzu0Enc3xXpJDYk1ke32QR8SO6UBHqSR
340,7975820845,mike_mykey12,Agape,UQA0Txw1zE1r05Axzu0Enc3xXpJDYk1ke32QR8SO6UBHqSR-,UQA0Txw1zE1r05Axzu0Enc3xXpJDYk1ke32QR8SO6UBHqSR
341,7211340043,mike_mykey123,Kendric,UQA0Txw1zE1r05Axzu0Enc3xXpJDYk1ke32QR8SO6UBHqSR-,UQA0Txw1zE1r05Axzu0Enc3xXpJDYk1ke32QR8SO6UBHqSR
342,7137181508,mike_mykeyyyyyy,Micky,UQA0Txw1zE1r05Axzu0Enc3xXpJDYk1ke32QR8SO6UBHqSR-,UQA0Txw1zE1r05Axzu0Enc3xXpJDYk1ke32QR8SO6UBHqSR
343,7768952478,mike_mykey1234,Drake,UQA0Txw1zE1r05Axzu0Enc3xXpJDYk1ke32QR8SO6UBHqSR-,UQA0Txw1zE1r05Axzu0Enc3xXpJDYk1ke32QR8SO6UBHqSR
344,7857770471,mike_mykeyyy,Book,UQA0Txw1zE1r05Axzu0Enc3xXpJDYk1ke32QR8SO6UBHqSR-,UQA0Txw1zE1r05Axzu0Enc3xXpJDYk1ke32QR8SO6UBHqSR
345,5496923835,mike_mykeyy,🌚🌝,UQA0Txw1zE1r05Axzu0Enc3xXpJDYk1ke32QR8SO6UBHqSR-,UQA0Txw1zE1r05Axzu0Enc3xXpJDYk1ke32QR8SO6UBHqSR
346,7281645853,mike_mykeyyyy,🍀,UQA0Txw1zE1r05Axzu0Enc3xXpJDYk1ke32QR8SO6UBHqSR-,UQA0Txw1zE1r05Axzu0Enc3xXpJDYk1ke32QR8SO6UBHqSR
347,7139180690,Fisherman360,👻👻,UQA0Txw1zE1r05Axzu0Enc3xXpJDYk1ke32QR8SO6UBHqSR-,UQA0Txw1zE1r05Axzu0Enc3xXpJDYk1ke32QR8SO6UBHqSR
348,7340092072,philpos_123,Philpos 2026,UQA0Txw1zE1r05Axzu0Enc3xXpJDYk1ke32QR8SO6UBHqSR-,UQA0Txw1zE1r05Axzu0Enc3xXpJDYk1ke32QR8SO6UBHqSR
349,7906680507,miles_miles123,Miles,UQA0Txw1zE1r05Axzu0Enc3xXpJDYk1ke32QR8SO6UBHqSR-,UQA0Txw1zE1r05Axzu0Enc3xXpJDYk1ke32QR8SO6UBHqSR
350,7525200025,Bekikaka123,Bki,UQA0Txw1zE1r05Axzu0Enc3xXpJDYk1ke32QR8SO6UBHqSR-,UQA0Txw1zE1r05Axzu0Enc3xXpJDYk1ke32QR8SO6UBHqSR
351,7056578899,Life120090,afrikiwa,UQA0Txw1zE1r05Axzu0Enc3xXpJDYk1ke32QR8SO6UBHqSR-,UQA0Txw1zE1r05Axzu0Enc3xXpJDYk1ke32QR8SO6UBHqSR
352,5806257349,Etsub117,Etsub,UQA0Txw1zE1r05Axzu0Enc3xXpJDYk1ke32QR8SO6UBHqSR-,UQA0Txw1zE1r05Axzu0Enc3xXpJDYk1ke32QR8SO6UBHqSR
353,7079394285,mike_mykeyyyyyyyyy,The,UQA0Txw1zE1r05Axzu0Enc3xXpJDYk1ke32QR8SO6UBHqSR-,UQA0Txw1zE1r05Axzu0Enc3xXpJDYk1ke32QR8SO6UBHqSR
354,7510576909,mike_mykeyyyyyyy,Some,UQA0Txw1zE1r05Axzu0Enc3xXpJDYk1ke32QR8SO6UBHqSR-,UQA0Txw1zE1r05Axzu0Enc3xXpJDYk1ke32QR8SO6UBHqSR
355,7407065177,abc_abcd1234,Âsîlæ,UQA0Txw1zE1r05Axzu0Enc3xXpJDYk1ke32QR8SO6UBHqSR-,UQA0Txw1zE1r05Axzu0Enc3xXpJDYk1ke32QR8SO6UBHqSR
356,6958302455,life_of_esu,𝓶𝔂,UQA0Txw1zE1r05Axzu0Enc3xXpJDYk1ke32QR8SO6UBHqSR-,UQA0Txw1zE1r05Axzu0Enc3xXpJDYk1ke32QR8SO6UBHqSR
357,8008029149,mike_mykeyy123,Eskador,UQA0Txw1zE1r05Axzu0Enc3xXpJDYk1ke32QR8SO6UBHqSR-,UQA0Txw1zE1r05Axzu0Enc3xXpJDYk1ke32QR8SO6UBHqSR
358,7278707019,Fliposhub,Phlipos2024,UQA0Txw1zE1r05Axzu0Enc3xXpJDYk1ke32QR8SO6UBHqSR-,UQA0Txw1zE1r05Axzu0Enc3xXpJDYk1ke32QR8SO6UBHqSR
359,1152435788,Kidus630,Fisho,UQA0Txw1zE1r05Axzu0Enc3xXpJDYk1ke32QR8SO6UBHqSR-,UQA0Txw1zE1r05Axzu0Enc3xXpJDYk1ke32QR8SO6UBHqSR
360,7706339743,Esu1357,𝖑𝖎𝖋𝖊 𝖔𝖋 𝖊𝖘𝖚@,UQA0Txw1zE1r05Axzu0Enc3xXpJDYk1ke32QR8SO6UBHqSR-,UQA0Txw1zE1r05Axzu0Enc3xXpJDYk1ke32QR8SO6UBHqSR
361,5775981294,SENBUNSACKURA,¥0π@!|£•[~]@il3®™,UQA0Txw1zE1r05Axzu0Enc3xXpJDYk1ke32QR8SO6UBHqSR-,UQA0Txw1zE1r05Axzu0Enc3xXpJDYk1ke32QR8SO6UBHqSR
362,6724464868,Vegita2727,Kogaki,UQA0Txw1zE1r05Axzu0Enc3xXpJDYk1ke32QR8SO6UBHqSR-,UQA0Txw1zE1r05Axzu0Enc3xXpJDYk1ke32QR8SO6UBHqSR
363,6693600364,Afriki1235,pp Kua2,UQA0Txw1zE1r05Axzu0Enc3xXpJDYk1ke32QR8SO6UBHqSR-,UQA0Txw1zE1r05Axzu0Enc3xXpJDYk1ke32QR8SO6UBHqSR
364,7506804103,Blunas2345,Profile Info,UQA0Txw1zE1r05Axzu0Enc3xXpJDYk1ke32QR8SO6UBHqSR-,UQA0Txw1zE1r05Axzu0Enc3xXpJDYk1ke32QR8SO6UBHqSR
365,7119980501,Fliohub,Flipos1,UQA0Txw1zE1r05Axzu0Enc3xXpJDYk1ke32QR8SO6UBHqSR-,UQA0Txw1zE1r05Axzu0Enc3xXpJDYk1ke32QR8SO6UBHqSR
366,6182920827,Joort21,Jon,UQA0Txw1zE1r05Axzu0Enc3xXpJDYk1ke32QR8SO6UBHqSR-,UQA0Txw1zE1r05Axzu0Enc3xXpJDYk1ke32QR8SO6UBHqSR
367,7516683635,mike_mykeyyyyy,Micky,UQA0Txw1zE1r05Axzu0Enc3xXpJDYk1ke32QR8SO6UBHqSR-,UQA0Txw1zE1r05Axzu0Enc3xXpJDYk1ke32QR8SO6UBHqSR
368,8089396472,star_lightt123,Star,UQA0Txw1zE1r05Axzu0Enc3xXpJDYk1ke32QR8SO6UBHqSR-,UQA0Txw1zE1r05Axzu0Enc3xXpJDYk1ke32QR8SO6UBHqSR
369,6212935792,WHOCARESt117,💡💡,UQA0Txw1zE1r05Axzu0Enc3xXpJDYk1ke32QR8SO6UBHqSR-,UQA0Txw1zE1r05Axzu0Enc3xXpJDYk1ke32QR8SO6UBHqSR
370,7538056425,Blublack234,Flipos 24,UQA0Txw1zE1r05Axzu0Enc3xXpJDYk1ke32QR8SO6UBHqSR-,UQA0Txw1zE1r05Axzu0Enc3xXpJDYk1ke32QR8SO6UBHqSR
371,682865973,Zootopia3117,✝️ ꌗ ꓄ ꍏ ꋪ ꋪ ♊️🏀,UQA0Txw1zE1r05Axzu0Enc3xXpJDYk1ke32QR8SO6UBHqSR-,UQA0Txw1zE1r05Axzu0Enc3xXpJDYk1ke32QR8SO6UBHqSR
372,7525999398,Fliohubs,Musuala,UQA0Txw1zE1r05Axzu0Enc3xXpJDYk1ke32QR8SO6UBHqSR-,UQA0Txw1zE1r05Axzu0Enc3xXpJDYk1ke32QR8SO6UBHqSR
373,7385835630,acukaa129,Odi,UQA0Txw1zE1r05Axzu0Enc3xXpJDYk1ke32QR8SO6UBHqSR-,UQA0Txw1zE1r05Axzu0Enc3xXpJDYk1ke32QR8SO6UBHqSR
374,8192427517,akame_ga_kill12,Hi,UQA0Txw1zE1r05Axzu0Enc3xXpJDYk1ke32QR8SO6UBHqSR-,UQA0Txw1zE1r05Axzu0Enc3xXpJDYk1ke32QR8SO6UBHqSR
375,1781124369,Natnan117,✞𝙽𝙰𝚃𝙽𝙰𝙽✞🖤,UQA0Txw1zE1r05Axzu0Enc3xXpJDYk1ke32QR8SO6UBHqSR-,UQA0Txw1zE1r05Axzu0Enc3xXpJDYk1ke32QR8SO6UBHqSR
376,8003894281,mike_mykey12345,Gojo,UQA0Txw1zE1r05Axzu0Enc3xXpJDYk1ke32QR8SO6UBHqSR-,UQA0Txw1zE1r05Axzu0Enc3xXpJDYk1ke32QR8SO6UBHqSR
377,7975820845,mike_mykey12,Agape,UQA0Txw1zE1r05Axzu0Enc3xXpJDYk1ke32QR8SO6UBHqSR-,UQA0Txw1zE1r05Axzu0Enc3xXpJDYk1ke32QR8SO6UBHqSR
378,7211340043,mike_mykey123,Kendric,UQA0Txw1zE1r05Axzu0Enc3xXpJDYk1ke32QR8SO6UBHqSR-,UQA0Txw1zE1r05Axzu0Enc3xXpJDYk1ke32QR8SO6UBHqSR
379,7137181508,mike_mykeyyyyyy,Micky,UQA0Txw1zE1r05Axzu0Enc3xXpJDYk1ke32QR8SO6UBHqSR-,UQA0Txw1zE1r05Axzu0Enc3xXpJDYk1ke32QR8SO6UBHqSR
380,7768952478,mike_mykey1234,Drake,UQA0Txw1zE1r05Axzu0Enc3xXpJDYk1ke32QR8SO6UBHqSR-,UQA0Txw1zE1r05Axzu0Enc3xXpJDYk1ke32QR8SO6UBHqSR
381,7857770471,mike_mykeyyy,Book,UQA0Txw1zE1r05Axzu0Enc3xXpJDYk1ke32QR8SO6UBHqSR-,UQA0Txw1zE1r05Axzu0Enc3xXpJDYk1ke32QR8SO6UBHqSR
382,5496923835,mike_mykeyy,🌚🌝,UQA0Txw1zE1r05Axzu0Enc3xXpJDYk1ke32QR8SO6UBHqSR-,UQA0Txw1zE1r05Axzu0Enc3xXpJDYk1ke32QR8SO6UBHqSR
383,7281645853,mike_mykeyyyy,🍀,UQA0Txw1zE1r05Axzu0Enc3xXpJDYk1ke32QR8SO6UBHqSR-,UQA0Txw1zE1r05Axzu0Enc3xXpJDYk1ke32QR8SO6UBHqSR
384,7139180690,Fisherman360,👻👻,UQA0Txw1zE1r05Axzu0Enc3xXpJDYk1ke32QR8SO6UBHqSR-,UQA0Txw1zE1r05Axzu0Enc3xXpJDYk1ke32QR8SO6UBHqSR
385,7340092072,philpos_123,Philpos 2026,UQA0Txw1zE1r05Axzu0Enc3xXpJDYk1ke32QR8SO6UBHqSR-,UQA0Txw1zE1r05Axzu0Enc3xXpJDYk1ke32QR8SO6UBHqSR
386,7906680507,miles_miles123,Miles,UQA0Txw1zE1r05Axzu0Enc3xXpJDYk1ke32QR8SO6UBHqSR-,UQA0Txw1zE1r05Axzu0Enc3xXpJDYk1ke32QR8SO6UBHqSR
387,7525200025,Bekikaka123,Bki,UQA0Txw1zE1r05Axzu0Enc3xXpJDYk1ke32QR8SO6UBHqSR-,UQA0Txw1zE1r05Axzu0Enc3xXpJDYk1ke32QR8SO6UBHqSR
388,7056578899,Life120090,afrikiwa,UQA0Txw1zE1r05Axzu0Enc3xXpJDYk1ke32QR8SO6UBHqSR-,UQA0Txw1zE1r05Axzu0Enc3xXpJDYk1ke32QR8SO6UBHqSR
389,5806257349,Etsub117,Etsub,UQA0Txw1zE1r05Axzu0Enc3xXpJDYk1ke32QR8SO6UBHqSR-,UQA0Txw1zE1r05Axzu0Enc3xXpJDYk1ke32QR8SO6UBHqSR
390,7079394285,mike_mykeyyyyyyyyy,The,UQA0Txw1zE1r05Axzu0Enc3xXpJDYk1ke32QR8SO6UBHqSR-,UQA0Txw1zE1r05Axzu0Enc3xXpJDYk1ke32QR8SO6UBHqSR
391,7510576909,mike_mykeyyyyyyy,Some,UQA0Txw1zE1r05Axzu0Enc3xXpJDYk1ke32QR8SO6UBHqSR-,UQA0Txw1zE1r05Axzu0Enc3xXpJDYk1ke32QR8SO6UBHqSR
392,7407065177,abc_abcd1234,Âsîlæ,UQA0Txw1zE1r05Axzu0Enc3xXpJDYk1ke32QR8SO6UBHqSR-,UQA0Txw1zE1r05Axzu0Enc3xXpJDYk1ke32QR8SO6UBHqSR
